model,score,dataset,n_bins,metric,fixed,adaptive,adaptive_minus_fixed,ci_lo,ci_hi,n_boot
dnsmos,mahalanobis,nisqa_val_sim,5,coverage,0.9016,0.9008,-0.0007999999999999119,-0.016000000000000014,0.018399999999999972,2000
dnsmos,mahalanobis,nisqa_val_sim,5,width,2.741448402404785,2.730152508163452,-0.011295894241333038,-0.05863041434288032,0.05070831511020649,2000
dnsmos,mahalanobis,nisqa_val_sim,5,interval_score,3.1452769622802736,3.1447600025177,-0.0005169597625735989,-0.020387057008742958,0.05121645829200738,2000
dnsmos,mahalanobis,nisqa_train_live,5,coverage,0.9901960784313726,0.9862745098039216,-0.0039215686274509665,-0.015783284807728327,0.0009756335746951227,2000
dnsmos,mahalanobis,nisqa_train_live,5,width,2.741448402404785,2.627627398219763,-0.11382100418502228,-0.23347993242500226,-0.008061601024773593,2000
dnsmos,mahalanobis,nisqa_train_live,5,interval_score,2.7678904323016895,2.6671811339901943,-0.10070929831149522,-0.19145949181336436,-0.0038996723034474792,2000
dnsmos,mahalanobis,nisqa_val_live,5,coverage,1.0,0.995,-0.0050000000000000044,-0.015000000000000013,0.0,2000
dnsmos,mahalanobis,nisqa_val_live,5,width,2.741448402404785,2.627308430671692,-0.11413997173309332,-0.22434399663799953,-0.015246771663410924,2000
dnsmos,mahalanobis,nisqa_val_live,5,interval_score,2.741448402404785,2.628456094264984,-0.11299230813980099,-0.21052472270193434,-0.015246771663410924,2000
dnsmos,mahalanobis,nisqa_test_for,5,coverage,0.9,0.8791666666666667,-0.02083333333333337,-0.04166666666666674,0.016666666666666607,2000
dnsmos,mahalanobis,nisqa_test_for,5,width,2.741448402404785,2.6688890526692073,-0.07255934973557787,-0.1583831480890512,0.005040116459131062,2000
dnsmos,mahalanobis,nisqa_test_for,5,interval_score,3.2149482369422913,3.1765133013327915,-0.03843493560949973,-0.11195196789999812,0.055866904606421616,2000
dnsmos,mahalanobis,nisqa_test_livetalk,5,coverage,0.9439655172413793,0.9353448275862069,-0.008620689655172487,-0.04741379310344829,0.008620689655172487,2000
dnsmos,mahalanobis,nisqa_test_livetalk,5,width,2.741448402404785,2.6307856039754274,-0.11066279842935778,-0.24374183079805867,-0.009618365918767822,2000
dnsmos,mahalanobis,nisqa_test_livetalk,5,interval_score,3.0247975793378106,2.9814235023383437,-0.043374076999466826,-0.12106147341687125,0.03179873667400469,2000
dnsmos,mahalanobis,nisqa_test_p501,5,coverage,0.8583333333333333,0.8708333333333333,0.012500000000000067,-0.025000000000000022,0.033333333333333326,2000
dnsmos,mahalanobis,nisqa_test_p501,5,width,2.741448402404785,2.7245945701996486,-0.016853832205136587,-0.07860322338839372,0.049836960583925255,2000
dnsmos,mahalanobis,nisqa_test_p501,5,interval_score,3.250893364350001,3.2782903581857683,0.027396993835767436,-0.05524824351072296,0.13787163183093065,2000
dnsmos,l2,nisqa_val_sim,5,coverage,0.9016,0.908,0.006400000000000072,-0.013599999999999949,0.019199999999999995,2000
dnsmos,l2,nisqa_val_sim,5,width,2.741448402404785,2.7719776889801024,0.030529286575317283,-0.040990674142837566,0.07935684813976299,2000
dnsmos,l2,nisqa_val_sim,5,interval_score,3.1452769622802736,3.142981967163086,-0.0022949951171877814,-0.027729773020744496,0.048232242803573494,2000
dnsmos,l2,nisqa_train_live,5,coverage,0.9901960784313726,0.9872549019607844,-0.002941176470588225,-0.012795590745122357,0.0,2000
dnsmos,l2,nisqa_train_live,5,width,2.741448402404785,2.705122247396731,-0.03632615500805425,-0.15889696306437937,0.025682686657538277,2000
dnsmos,l2,nisqa_train_live,5,interval_score,2.7678904323016895,2.7393449601005107,-0.028545472201178868,-0.12112953176911034,0.02495018797246881,2000
dnsmos,l2,nisqa_val_live,5,coverage,1.0,0.995,-0.0050000000000000044,-0.015000000000000013,0.0,2000
dnsmos,l2,nisqa_val_live,5,width,2.741448402404785,2.699572117328644,-0.04187628507614116,-0.154981484324926,0.021328203903071098,2000
dnsmos,l2,nisqa_val_live,5,interval_score,2.741448402404785,2.700566370487213,-0.040882031917572004,-0.14394414875764955,0.021328203903071098,2000
dnsmos,l2,nisqa_test_for,5,coverage,0.9,0.9208333333333333,0.02083333333333326,-0.012499999999999956,0.04583333333333328,2000
dnsmos,l2,nisqa_test_for,5,width,2.741448402404785,2.776376755038897,0.03492835263411198,-0.04000824520985271,0.08958260675271362,2000
dnsmos,l2,nisqa_test_for,5,interval_score,3.2149482369422913,3.1378866444031397,-0.07706159253915157,-0.16795234543581788,0.007526736309131108,2000
dnsmos,l2,nisqa_test_livetalk,5,coverage,0.9439655172413793,0.9439655172413793,0.0,-0.030172413793103425,0.012931034482758674,2000
dnsmos,l2,nisqa_test_livetalk,5,width,2.741448402404785,2.7118446960531433,-0.02960370635164189,-0.13394427630921896,0.024526255346577507,2000
dnsmos,l2,nisqa_test_livetalk,5,interval_score,3.0247975793378106,2.99911600248567,-0.025681576852140786,-0.10713411895879385,0.042265600454190706,2000
dnsmos,l2,nisqa_test_p501,5,coverage,0.8583333333333333,0.8791666666666667,0.02083333333333337,-0.02083333333333326,0.050000000000000044,2000
dnsmos,l2,nisqa_test_p501,5,width,2.741448402404785,2.765038991967837,0.02359058956305171,-0.056662162666519335,0.07997208381692553,2000
dnsmos,l2,nisqa_test_p501,5,interval_score,3.250893364350001,3.186216359337171,-0.0646770050128298,-0.16090053424239165,0.03579249138633421,2000
dnsmos,knn,nisqa_val_sim,5,coverage,0.9016,0.9072,0.005600000000000049,-0.013599999999999945,0.019199999999999995,2000
dnsmos,knn,nisqa_val_sim,5,width,2.741448402404785,2.7201322315216063,-0.02131617088317883,-0.07088175429821007,0.04863695574760448,2000
dnsmos,knn,nisqa_val_sim,5,interval_score,3.1452769622802736,3.1477351768493653,0.002458214569091677,-0.02184948504447922,0.05931537423610658,2000
dnsmos,knn,nisqa_train_live,5,coverage,0.9901960784313726,0.9872549019607844,-0.002941176470588225,-0.017699115044247815,0.0009813542688910104,2000
dnsmos,knn,nisqa_train_live,5,width,2.741448402404785,2.6288448277641745,-0.11260357464061066,-0.2480823558285214,-0.00017836138236304938,2000
dnsmos,knn,nisqa_train_live,5,interval_score,2.7678904323016895,2.6705048327352485,-0.097385599566441,-0.2008998148361062,9.425043143781833e-05,2000
dnsmos,knn,nisqa_val_live,5,coverage,1.0,1.0,0.0,-0.014927238805970192,0.0,2000
dnsmos,knn,nisqa_val_live,5,width,2.741448402404785,2.6327654409408567,-0.10868296146392842,-0.24737529495704874,-8.237451819082606e-05,2000
dnsmos,knn,nisqa_val_live,5,interval_score,2.741448402404785,2.6327654409408567,-0.10868296146392842,-0.2365473459757382,-8.237451819082606e-05,2000
dnsmos,knn,nisqa_test_for,5,coverage,0.9,0.875,-0.025000000000000022,-0.04583333333333328,0.012500000000000067,2000
dnsmos,knn,nisqa_test_for,5,width,2.741448402404785,2.6665815989176433,-0.07486680348714181,-0.16613662829001752,0.013749957829713957,2000
dnsmos,knn,nisqa_test_for,5,interval_score,3.2149482369422913,3.21243103146553,-0.002517205476761042,-0.07681612350046638,0.1062734773755073,2000
dnsmos,knn,nisqa_test_livetalk,5,coverage,0.9439655172413793,0.9396551724137931,-0.004310344827586188,-0.03448275862068961,0.012931034482758563,2000
dnsmos,knn,nisqa_test_livetalk,5,width,2.741448402404785,2.6421929638961266,-0.09925543850865859,-0.22747419756548137,0.004541520517448077,2000
dnsmos,knn,nisqa_test_livetalk,5,interval_score,3.0247975793378106,2.985321509427038,-0.03947606991077279,-0.12349847560298845,0.022223092358687777,2000
dnsmos,knn,nisqa_test_p501,5,coverage,0.8583333333333333,0.8666666666666667,0.008333333333333415,-0.02083333333333337,0.03749999999999998,2000
dnsmos,knn,nisqa_test_p501,5,width,2.741448402404785,2.7254631797472637,-0.015985222657521447,-0.06990231240789076,0.06585544536511106,2000
dnsmos,knn,nisqa_test_p501,5,interval_score,3.250893364350001,3.273760743935903,0.022867379585902015,-0.057417063017686086,0.13290100708603836,2000
nisqa,mahalanobis,nisqa_val_sim,5,coverage,0.9008,0.8944,-0.006400000000000072,-0.021599999999999953,0.01200000000000001,2000
nisqa,mahalanobis,nisqa_val_sim,5,width,2.9129514694213867,2.834394107437134,-0.07855736198425278,-0.16279650565147402,0.02120099054813381,2000
nisqa,mahalanobis,nisqa_val_sim,5,interval_score,3.5259917259216307,3.4755673614501954,-0.05042436447143528,-0.10827759249687176,0.044052775478362984,2000
nisqa,mahalanobis,nisqa_train_live,5,coverage,0.9931372549019608,0.9431372549019608,-0.050000000000000044,-0.08465193624612319,-0.025463985531597882,2000
nisqa,mahalanobis,nisqa_train_live,5,width,2.9129514694213867,2.1550117277631573,-0.7579397416582294,-0.996683429759127,-0.5206919620960975,2000
nisqa,mahalanobis,nisqa_train_live,5,interval_score,2.9261122451109043,2.402344335761725,-0.5237679093491794,-0.6600447712237145,-0.365773814178969,2000
nisqa,mahalanobis,nisqa_val_live,5,coverage,0.995,0.98,-0.015000000000000013,-0.08080808080808077,0.0,2000
nisqa,mahalanobis,nisqa_val_live,5,width,2.9129514694213867,2.144266757965088,-0.7686847114562987,-1.0183004858794824,-0.5165230232812652,2000
nisqa,mahalanobis,nisqa_val_live,5,interval_score,2.9220370650291443,2.2673023080825807,-0.6547347569465636,-0.8715989876609258,-0.4010841780546021,2000
nisqa,mahalanobis,nisqa_test_for,5,coverage,0.9291666666666667,0.9083333333333333,-0.02083333333333337,-0.0708333333333333,0.01666666666666672,2000
nisqa,mahalanobis,nisqa_test_for,5,width,2.9129514694213867,2.5388805508613586,-0.37407091856002816,-0.5748986025899647,-0.19601813753445962,2000
nisqa,mahalanobis,nisqa_test_for,5,interval_score,3.447876423597336,3.2665205538272857,-0.18135586977005014,-0.3885676396389802,0.05990522210796682,2000
nisqa,mahalanobis,nisqa_test_livetalk,5,coverage,0.9353448275862069,0.8405172413793104,-0.09482758620689646,-0.18103448275862066,-0.03448275862068961,2000
nisqa,mahalanobis,nisqa_test_livetalk,5,width,2.9129514694213867,2.205723258955725,-0.7072282104656615,-0.9498590442897945,-0.46212440305228925,2000
nisqa,mahalanobis,nisqa_test_livetalk,5,interval_score,3.185264599734339,3.1193790065831153,-0.06588559315122389,-0.3851968983637874,0.46648397682041953,2000
nisqa,mahalanobis,nisqa_test_p501,5,coverage,0.9708333333333333,0.9041666666666667,-0.06666666666666665,-0.12083333333333335,-0.02083333333333326,2000
nisqa,mahalanobis,nisqa_test_p501,5,width,2.9129514694213867,2.5026010870933533,-0.41035038232803345,-0.6040304901947577,-0.22122391879558584,2000
nisqa,mahalanobis,nisqa_test_p501,5,interval_score,3.043981909751892,2.901845927039782,-0.14213598271211003,-0.3357153973480066,0.15670630007982214,2000
nisqa,l2,nisqa_val_sim,5,coverage,0.9008,0.904,0.0031999999999999806,-0.015199999999999991,0.018399999999999972,2000
nisqa,l2,nisqa_val_sim,5,width,2.9129514694213867,2.874045280456543,-0.03890618896484366,-0.1366423553276061,0.0514624316787715,2000
nisqa,l2,nisqa_val_sim,5,interval_score,3.5259917259216307,3.469247537612915,-0.05674418830871586,-0.11378123125076284,0.029511457605362,2000
nisqa,l2,nisqa_train_live,5,coverage,0.9931372549019608,0.9745098039215686,-0.0186274509803922,-0.03902534298780491,-0.003936911094077836,2000
nisqa,l2,nisqa_train_live,5,width,2.9129514694213867,2.6189392950020585,-0.29401217441932825,-0.45079854548097525,-0.14708819197771164,2000
nisqa,l2,nisqa_train_live,5,interval_score,2.9261122451109043,2.7170000782199932,-0.20911216689091106,-0.3153838135237883,-0.09204874879210315,2000
nisqa,l2,nisqa_val_live,5,coverage,0.995,0.995,0.0,-0.020000000000000018,0.014853332348160194,2000
nisqa,l2,nisqa_val_live,5,width,2.9129514694213867,2.660049409866333,-0.2529020595550535,-0.4261617549261045,-0.11000001764119578,2000
nisqa,l2,nisqa_val_live,5,interval_score,2.9220370650291443,2.6640778613090514,-0.25795920372009284,-0.42568266598658966,-0.11716508404654696,2000
nisqa,l2,nisqa_test_for,5,coverage,0.9291666666666667,0.925,-0.004166666666666652,-0.029166666666666674,0.02083333333333337,2000
nisqa,l2,nisqa_test_for,5,width,2.9129514694213867,2.6334298849105835,-0.2795215845108032,-0.4714045536766452,-0.11625169446070979,2000
nisqa,l2,nisqa_test_for,5,interval_score,3.447876423597336,3.3431128164132438,-0.10476360718409206,-0.3040899293621384,0.10671850100159616,2000
nisqa,l2,nisqa_test_livetalk,5,coverage,0.9353448275862069,0.896551724137931,-0.0387931034482758,-0.10775862068965514,-0.004310344827586299,2000
nisqa,l2,nisqa_test_livetalk,5,width,2.9129514694213867,2.5310787558555603,-0.3818727135658264,-0.5688268964146748,-0.21855692621962797,2000
nisqa,l2,nisqa_test_livetalk,5,interval_score,3.185264599734339,3.260930591616137,0.0756659918817979,-0.17375785669889945,0.524487971848455,2000
nisqa,l2,nisqa_test_p501,5,coverage,0.9708333333333333,0.9541666666666667,-0.016666666666666607,-0.05833333333333335,0.004166666666666652,2000
nisqa,l2,nisqa_test_p501,5,width,2.9129514694213867,2.756170892715454,-0.1567805767059327,-0.3181538137793542,-0.017465146332979326,2000
nisqa,l2,nisqa_test_p501,5,interval_score,3.043981909751892,2.9762688765923184,-0.06771303315957367,-0.20037522614002212,0.14233102043469759,2000
nisqa,knn,nisqa_val_sim,5,coverage,0.9008,0.9016,0.0007999999999999119,-0.014399999999999968,0.01759999999999995,2000
nisqa,knn,nisqa_val_sim,5,width,2.9129514694213867,2.8850687438964844,-0.02788272552490234,-0.11572790689468396,0.05929417843818655,2000
nisqa,knn,nisqa_val_sim,5,interval_score,3.5259917259216307,3.495789511871338,-0.030202214050292664,-0.0667922246074676,0.03915566096305839,2000
nisqa,knn,nisqa_train_live,5,coverage,0.9931372549019608,0.9794117647058823,-0.013725490196078494,-0.04129996948428444,-0.0009774932413856299,2000
nisqa,knn,nisqa_train_live,5,width,2.9129514694213867,2.558067960365146,-0.3548835090562408,-0.6454954067788244,-0.06464435983701698,2000
nisqa,knn,nisqa_train_live,5,interval_score,2.9261122451109043,2.623507614696727,-0.3026046304141774,-0.5144316433804029,-0.05856157950207472,2000
nisqa,knn,nisqa_val_live,5,coverage,0.995,0.985,-0.010000000000000009,-0.030000000000000027,0.0,2000
nisqa,knn,nisqa_val_live,5,width,2.9129514694213867,2.5335681653022766,-0.37938330411911014,-0.6961340439978557,-0.08251548595422073,2000
nisqa,knn,nisqa_val_live,5,interval_score,2.9220370650291443,2.5816997623443605,-0.3403373026847838,-0.606936596242327,-0.07235391353332803,2000
nisqa,knn,nisqa_test_for,5,coverage,0.9291666666666667,0.9333333333333333,0.004166666666666652,-0.01666666666666672,0.033333333333333326,2000
nisqa,knn,nisqa_test_for,5,width,2.9129514694213867,2.7683524270852407,-0.14459904233614607,-0.31491133337219573,0.0046202749262253965,2000
nisqa,knn,nisqa_test_for,5,interval_score,3.447876423597336,3.3877640148003896,-0.06011240879694624,-0.20787277350823075,0.09490004643797904,2000
nisqa,knn,nisqa_test_livetalk,5,coverage,0.9353448275862069,0.9094827586206896,-0.025862068965517238,-0.07758620689655171,0.004310344827586188,2000
nisqa,knn,nisqa_test_livetalk,5,width,2.9129514694213867,2.582499306777428,-0.33045216264395894,-0.6139062203466894,-0.07031916685659353,2000
nisqa,knn,nisqa_test_livetalk,5,interval_score,3.185264599734339,3.0507642996722253,-0.1345003000621139,-0.3172441290370351,0.09732295243904468,2000
nisqa,knn,nisqa_test_p501,5,coverage,0.9708333333333333,0.9625,-0.008333333333333304,-0.050000000000000044,0.012499999999999956,2000
nisqa,knn,nisqa_test_p501,5,width,2.9129514694213867,2.7641577432552973,-0.14879372616608944,-0.31122944255669927,0.015065413589278901,2000
nisqa,knn,nisqa_test_p501,5,interval_score,3.043981909751892,2.9042412747939426,-0.13974063495794953,-0.2636828647802274,0.02165325850248326,2000
utmos,mahalanobis,nisqa_val_sim,5,coverage,0.9176,0.9208,0.0031999999999999806,-0.01759999999999995,0.010399999999999968,2000
utmos,mahalanobis,nisqa_val_sim,5,width,2.2644686698913574,2.284354012680054,0.01988534278869647,-0.054304457292556764,0.10801857795715325,2000
utmos,mahalanobis,nisqa_val_sim,5,interval_score,2.7757657318115236,2.784139601898193,0.008373870086669566,-0.01441151455879206,0.07946563884735117,2000
utmos,mahalanobis,nisqa_train_live,5,coverage,0.8127450980392157,0.8205882352941176,0.007843137254901933,-0.024390839367377962,0.03401609181684361,2000
utmos,mahalanobis,nisqa_train_live,5,width,2.2644686698913574,2.31274755562053,0.048278885729172494,-0.04096511084423837,0.18349159792797573,2000
utmos,mahalanobis,nisqa_train_live,5,interval_score,3.336802218474594,3.331175635842716,-0.0056265826318782075,-0.08567528147524969,0.1760408146413852,2000
utmos,mahalanobis,nisqa_val_live,5,coverage,0.78,0.79,0.010000000000000009,-0.02500314070351761,0.045454545454545414,2000
utmos,mahalanobis,nisqa_val_live,5,width,2.2644686698913574,2.3074172163009643,0.04294854640960688,-0.04912435407680682,0.15026714066367813,2000
utmos,mahalanobis,nisqa_val_live,5,interval_score,3.6024161338806153,3.6014274740219117,-0.0009886598587036666,-0.12119648420010068,0.1916457480423485,2000
utmos,mahalanobis,nisqa_test_for,5,coverage,0.9208333333333333,0.9333333333333333,0.012500000000000067,-0.02083333333333326,0.029166666666666674,2000
utmos,mahalanobis,nisqa_test_for,5,width,2.2644686698913574,2.316271011034648,0.05180234114329041,-0.052195103218158234,0.17532049568990832,2000
utmos,mahalanobis,nisqa_test_for,5,interval_score,2.639484296242396,2.6799927592277526,0.04050846298535671,-0.02758862351377802,0.16209781882663518,2000
utmos,mahalanobis,nisqa_test_livetalk,5,coverage,0.6637931034482759,0.6767241379310345,0.012931034482758563,-0.025862068965517238,0.07758620689655171,2000
utmos,mahalanobis,nisqa_test_livetalk,5,width,2.2644686698913574,2.3091679153771234,0.04469924548576598,-0.05881103855268688,0.15530225187540064,2000
utmos,mahalanobis,nisqa_test_livetalk,5,interval_score,4.503284384464395,4.426581927414598,-0.07670245704979717,-0.2394089701360667,0.27040258373679743,2000
utmos,mahalanobis,nisqa_test_p501,5,coverage,0.9208333333333333,0.9125,-0.008333333333333304,-0.033333333333333326,0.02083333333333337,2000
utmos,mahalanobis,nisqa_test_p501,5,width,2.2644686698913574,2.32076766093572,0.056298991044362534,-0.03286321359376104,0.15646733825405434,2000
utmos,mahalanobis,nisqa_test_p501,5,interval_score,2.562443067630132,2.6181697944800058,0.055726726849873565,-0.021779655118783492,0.19554917844633224,2000
utmos,l2,nisqa_val_sim,5,coverage,0.9176,0.9088,-0.008799999999999919,-0.03042000000000009,0.007199999999999984,2000
utmos,l2,nisqa_val_sim,5,width,2.2644686698913574,2.2339443515777586,-0.03052431831359881,-0.12367362876892068,0.03811078738689431,2000
utmos,l2,nisqa_val_sim,5,interval_score,2.7757657318115236,2.724884224319458,-0.05088150749206566,-0.09920416045188936,0.028700344314574723,2000
utmos,l2,nisqa_train_live,5,coverage,0.8127450980392157,0.7637254901960784,-0.0490196078431373,-0.08763948417409129,-0.009803441924715061,2000
utmos,l2,nisqa_train_live,5,width,2.2644686698913574,2.0136806221569286,-0.25078804773442886,-0.3532838577824943,-0.11283358853057951,2000
utmos,l2,nisqa_train_live,5,interval_score,3.336802218474594,3.631616267970964,0.2948140494963698,0.03399917990654049,0.5180007967102916,2000
utmos,l2,nisqa_val_live,5,coverage,0.78,0.76,-0.020000000000000018,-0.08040201005025127,0.024512822370327446,2000
utmos,l2,nisqa_val_live,5,width,2.2644686698913574,2.012922930717468,-0.25154573917388934,-0.3662362291629534,-0.10541078894383549,2000
utmos,l2,nisqa_val_live,5,interval_score,3.6024161338806153,3.6250343680381776,0.022618234157562256,-0.2683535323387033,0.3448409221991141,2000
utmos,l2,nisqa_test_for,5,coverage,0.9208333333333333,0.9416666666666667,0.02083333333333337,-0.01666666666666672,0.033333333333333326,2000
utmos,l2,nisqa_test_for,5,width,2.2644686698913574,2.321120136976242,0.056651467084884555,-0.04956397580603755,0.13039574384689329,2000
utmos,l2,nisqa_test_for,5,interval_score,2.639484296242396,2.6867570519447326,0.04727275570233669,-0.09481584285696312,0.22970124344031015,2000
utmos,l2,nisqa_test_livetalk,5,coverage,0.6637931034482759,0.6939655172413793,0.030172413793103425,-0.030172413793103425,0.0818965517241379,2000
utmos,l2,nisqa_test_livetalk,5,width,2.2644686698913574,2.240135190815761,-0.024333479075596465,-0.13076369559456566,0.07356726676225671,2000
utmos,l2,nisqa_test_livetalk,5,interval_score,4.503284384464395,4.310600597282936,-0.1926837871814593,-0.43014464306420297,0.24185575359854172,2000
utmos,l2,nisqa_test_p501,5,coverage,0.9208333333333333,0.9208333333333333,0.0,-0.03749999999999998,0.03749999999999998,2000
utmos,l2,nisqa_test_p501,5,width,2.2644686698913574,2.2033801853656767,-0.06108848452568072,-0.18698588301738114,0.050763710762063714,2000
utmos,l2,nisqa_test_p501,5,interval_score,2.562443067630132,2.480715282758077,-0.08172778487205523,-0.1928008916974064,0.07456969678401945,2000
utmos,knn,nisqa_val_sim,5,coverage,0.9176,0.9192,0.0016000000000000458,-0.020000000000000018,0.010419999999999964,2000
utmos,knn,nisqa_val_sim,5,width,2.2644686698913574,2.3142576499938965,0.04978898010253907,-0.04235104080677039,0.10888071753501877,2000
utmos,knn,nisqa_val_sim,5,interval_score,2.7757657318115236,2.7964836936950683,0.02071796188354469,-0.019034278054237342,0.08751740220069873,2000
utmos,knn,nisqa_train_live,5,coverage,0.8127450980392157,0.8225490196078431,0.009803921568627416,-0.02252748650880531,0.03902439024390236,2000
utmos,knn,nisqa_train_live,5,width,2.2644686698913574,2.3767797652412863,0.11231109534992889,-0.012979767914743668,0.19593750960222397,2000
utmos,knn,nisqa_train_live,5,interval_score,3.336802218474594,3.3059575333314783,-0.03084468514311567,-0.09074156151823455,0.1703258150466005,2000
utmos,knn,nisqa_val_live,5,coverage,0.78,0.81,0.030000000000000027,-0.01005025125628145,0.06499999999999995,2000
utmos,knn,nisqa_val_live,5,width,2.2644686698913574,2.380917959213257,0.11644928932189957,-0.026897714030101914,0.19510806483210946,2000
utmos,knn,nisqa_val_live,5,interval_score,3.6024161338806153,3.537877719402313,-0.06453841447830211,-0.226262510127408,0.19054046487808188,2000
utmos,knn,nisqa_test_for,5,coverage,0.9208333333333333,0.9208333333333333,0.0,-0.033333333333333326,0.01666666666666672,2000
utmos,knn,nisqa_test_for,5,width,2.2644686698913574,2.3103238880634307,0.045855218172073275,-0.07481450393795976,0.12058958577613023,2000
utmos,knn,nisqa_test_for,5,interval_score,2.639484296242396,2.649585102001826,0.010100805759430287,-0.07564059267441428,0.11461780195434877,2000
utmos,knn,nisqa_test_livetalk,5,coverage,0.6637931034482759,0.6767241379310345,0.012931034482758563,-0.04741379310344829,0.06034482758620685,2000
utmos,knn,nisqa_test_livetalk,5,width,2.2644686698913574,2.3174293719489,0.05296070205754244,-0.05857351162824139,0.13853910678419565,2000
utmos,knn,nisqa_test_livetalk,5,interval_score,4.503284384464395,4.514840350068849,0.01155596560445371,-0.18805715153957242,0.4167147646690239,2000
utmos,knn,nisqa_test_p501,5,coverage,0.9208333333333333,0.9208333333333333,0.0,-0.04999999999999993,0.03749999999999998,2000
utmos,knn,nisqa_test_p501,5,width,2.2644686698913574,2.345853646596273,0.08138497670491551,-0.038382069567839336,0.15797083179155955,2000
utmos,knn,nisqa_test_p501,5,interval_score,2.562443067630132,2.5878276030222573,0.02538453539212515,-0.06868242000540067,0.173926661411921,2000
