model,dataset,method,metric,fixed,method_value,method_minus_fixed,ci_lo,ci_hi,n_boot,conditioning
dnsmos,nisqa_val_sim,mahalanobis_mondrian,coverage,0.9056,0.9064,0.0008000000000000229,-0.022399999999999975,0.028000000000000025,2000,fixed_difficulty_estimator
dnsmos,nisqa_val_sim,mahalanobis_mondrian,mean_width,2.760171413421631,2.7674321968078615,0.007260783386230596,-0.05993440139293669,0.09874822747230501,2000,fixed_difficulty_estimator
dnsmos,nisqa_val_sim,mahalanobis_mondrian,mean_interval_score,3.1716159572601317,3.1827309658050535,0.011115008544921867,-0.014922651252746633,0.08486222239971142,2000,fixed_difficulty_estimator
dnsmos,nisqa_val_sim,predicted_mos_mondrian,coverage,0.9056,0.9104,0.0048000000000000265,-0.023219999999999994,0.024800000000000044,2000,fixed_difficulty_estimator
dnsmos,nisqa_val_sim,predicted_mos_mondrian,mean_width,2.760171413421631,2.7927581722259522,0.03258675880432138,-0.06565175294399264,0.09819610989570636,2000,fixed_difficulty_estimator
dnsmos,nisqa_val_sim,predicted_mos_mondrian,mean_interval_score,3.1716159572601317,3.165608447265625,-0.006007509994506499,-0.02915518486976626,0.05925299112319922,2000,fixed_difficulty_estimator
dnsmos,nisqa_val_sim,mos_extremity_mondrian,coverage,0.9056,0.9128,0.007199999999999984,-0.021600000000000064,0.027200000000000002,2000,fixed_difficulty_estimator
dnsmos,nisqa_val_sim,mos_extremity_mondrian,mean_width,2.760171413421631,2.7791892404556275,0.01901782703399668,-0.06820850662231441,0.11025167738437658,2000,fixed_difficulty_estimator
dnsmos,nisqa_val_sim,mos_extremity_mondrian,mean_interval_score,3.1716159572601317,3.1547108469009397,-0.016905110359191955,-0.03994416703224203,0.05581167125225043,2000,fixed_difficulty_estimator
dnsmos,nisqa_val_sim,local_residual_mondrian_k10,coverage,0.9056,0.908,0.0024000000000000687,-0.020000000000000018,0.02961999999999996,2000,fixed_difficulty_estimator
dnsmos,nisqa_val_sim,local_residual_mondrian_k10,mean_width,2.760171413421631,2.7708370613098143,0.010665647888183472,-0.06641534703254683,0.09931357155323009,2000,fixed_difficulty_estimator
dnsmos,nisqa_val_sim,local_residual_mondrian_k10,mean_interval_score,3.1716159572601317,3.1747216495513917,0.0031056922912600093,-0.037853230099678226,0.06528055472373945,2000,fixed_difficulty_estimator
dnsmos,nisqa_val_sim,local_residual_mondrian_k25,coverage,0.9056,0.9096,0.0040000000000000036,-0.031200000000000006,0.02399999999999991,2000,fixed_difficulty_estimator
dnsmos,nisqa_val_sim,local_residual_mondrian_k25,mean_width,2.760171413421631,2.7253326013565062,-0.034838812065124625,-0.1454467678642275,0.0710588800811766,2000,fixed_difficulty_estimator
dnsmos,nisqa_val_sim,local_residual_mondrian_k25,mean_interval_score,3.1716159572601317,3.137542861747742,-0.034073095512389795,-0.06568554905891431,0.05977592007637035,2000,fixed_difficulty_estimator
dnsmos,nisqa_val_sim,local_residual_mondrian_k50,coverage,0.9056,0.9152,0.009600000000000053,-0.01921999999999999,0.030399999999999983,2000,fixed_difficulty_estimator
dnsmos,nisqa_val_sim,local_residual_mondrian_k50,mean_width,2.760171413421631,2.783278889465332,0.023107476043701336,-0.10248856957912446,0.09305108351707454,2000,fixed_difficulty_estimator
dnsmos,nisqa_val_sim,local_residual_mondrian_k50,mean_interval_score,3.1716159572601317,3.174658678817749,0.0030427215576174227,-0.03550604606628416,0.058891784496307,2000,fixed_difficulty_estimator
dnsmos,nisqa_val_sim,local_residual_normalized_k10,coverage,0.9056,0.916,0.010400000000000076,-0.01921999999999999,0.045599999999999974,2000,fixed_difficulty_estimator
dnsmos,nisqa_val_sim,local_residual_normalized_k10,mean_width,2.760171413421631,2.8459174459266166,0.08574603250498569,-0.05290905947203663,0.21088780663169587,2000,fixed_difficulty_estimator
dnsmos,nisqa_val_sim,local_residual_normalized_k10,mean_interval_score,3.1716159572601317,3.3037755777615194,0.13215962050138774,0.04094639916139371,0.20896620861837922,2000,fixed_difficulty_estimator
dnsmos,nisqa_val_sim,local_residual_normalized_k25,coverage,0.9056,0.8928,-0.012799999999999923,-0.036800000000000055,0.019199999999999995,2000,fixed_difficulty_estimator
dnsmos,nisqa_val_sim,local_residual_normalized_k25,mean_width,2.760171413421631,2.686545111168292,-0.07362630225333877,-0.17260784742719282,0.028007701446744103,2000,fixed_difficulty_estimator
dnsmos,nisqa_val_sim,local_residual_normalized_k25,mean_interval_score,3.1716159572601317,3.1932514930828946,0.021635535822762897,-0.03816296645757087,0.07625272349036645,2000,fixed_difficulty_estimator
dnsmos,nisqa_val_sim,local_residual_normalized_k50,coverage,0.9056,0.9096,0.0040000000000000036,-0.018400000000000083,0.030399999999999983,2000,fixed_difficulty_estimator
dnsmos,nisqa_val_sim,local_residual_normalized_k50,mean_width,2.760171413421631,2.7433633502692176,-0.016808063152413233,-0.11257964298723906,0.0663555649602557,2000,fixed_difficulty_estimator
dnsmos,nisqa_val_sim,local_residual_normalized_k50,mean_interval_score,3.1716159572601317,3.1831435681073947,0.011527610847263059,-0.03814542785476773,0.049637961819553,2000,fixed_difficulty_estimator
dnsmos,nisqa_train_live,mahalanobis_mondrian,coverage,0.9901960784313726,0.9892156862745098,-0.0009803921568627416,-0.00984276211163258,0.005853801448170736,2000,fixed_difficulty_estimator
dnsmos,nisqa_train_live,mahalanobis_mondrian,mean_width,2.760171413421631,2.73360233260136,-0.026569080820270763,-0.14463092521226104,0.1386379971716758,2000,fixed_difficulty_estimator
dnsmos,nisqa_train_live,mahalanobis_mondrian,mean_interval_score,2.7847778540031585,2.7582186675539204,-0.026559186449238048,-0.1258098854690666,0.1293068988404705,2000,fixed_difficulty_estimator
dnsmos,nisqa_train_live,predicted_mos_mondrian,coverage,0.9901960784313726,0.9892156862745098,-0.0009803921568627416,-0.014749625461640289,0.0029585798816567114,2000,fixed_difficulty_estimator
dnsmos,nisqa_train_live,predicted_mos_mondrian,mean_width,2.760171413421631,2.7292242583106545,-0.030947155110976343,-0.23250217052821778,0.1483440017597801,2000,fixed_difficulty_estimator
dnsmos,nisqa_train_live,predicted_mos_mondrian,mean_interval_score,2.7847778540031585,2.7626566695232015,-0.022121184479956923,-0.19042649067777617,0.1375332089781501,2000,fixed_difficulty_estimator
dnsmos,nisqa_train_live,mos_extremity_mondrian,coverage,0.9901960784313726,0.9882352941176471,-0.0019607843137254832,-0.013820677048176055,0.001958863858961715,2000,fixed_difficulty_estimator
dnsmos,nisqa_train_live,mos_extremity_mondrian,mean_width,2.760171413421631,2.7057214617729186,-0.05444995164871225,-0.16200339542902126,0.07465470502851011,2000,fixed_difficulty_estimator
dnsmos,nisqa_train_live,mos_extremity_mondrian,mean_interval_score,2.7847778540031585,2.740090678018682,-0.04468717598447647,-0.132921723379768,0.06699672993898152,2000,fixed_difficulty_estimator
dnsmos,nisqa_train_live,local_residual_mondrian_k10,coverage,0.9901960784313726,0.9901960784313726,0.0,-0.007827788649706457,0.003913894324853229,2000,fixed_difficulty_estimator
dnsmos,nisqa_train_live,local_residual_mondrian_k10,mean_width,2.760171413421631,2.7484815410539216,-0.011689872367709242,-0.11970117644315341,0.08789957914898947,2000,fixed_difficulty_estimator
dnsmos,nisqa_train_live,local_residual_mondrian_k10,mean_interval_score,2.7847778540031585,2.774400756405849,-0.010377097597309426,-0.1067712952371305,0.08588590521298643,2000,fixed_difficulty_estimator
dnsmos,nisqa_train_live,local_residual_mondrian_k25,coverage,0.9901960784313726,0.9833333333333333,-0.006862745098039302,-0.02458270910273382,0.0029470272557098717,2000,fixed_difficulty_estimator
dnsmos,nisqa_train_live,local_residual_mondrian_k25,mean_width,2.760171413421631,2.6530655739354154,-0.10710583948621544,-0.2738660796381752,0.07802097023639387,2000,fixed_difficulty_estimator
dnsmos,nisqa_train_live,local_residual_mondrian_k25,mean_interval_score,2.7847778540031585,2.7089686931348314,-0.07580916086832712,-0.1928404761590702,0.08300263119285807,2000,fixed_difficulty_estimator
dnsmos,nisqa_train_live,local_residual_mondrian_k50,coverage,0.9901960784313726,0.9911764705882353,0.0009803921568627416,-0.016683022571148176,0.003925417075564266,2000,fixed_difficulty_estimator
dnsmos,nisqa_train_live,local_residual_mondrian_k50,mean_width,2.760171413421631,2.689876447939405,-0.0702949654822258,-0.2657402961262067,0.06924456714524482,2000,fixed_difficulty_estimator
dnsmos,nisqa_train_live,local_residual_mondrian_k50,mean_interval_score,2.7847778540031585,2.7154386010824467,-0.06933925292071175,-0.2076860995482296,0.06407152406326452,2000,fixed_difficulty_estimator
dnsmos,nisqa_train_live,local_residual_normalized_k10,coverage,0.9901960784313726,0.9764705882352941,-0.013725490196078494,-0.028349384336556913,-0.0029382957884427326,2000,fixed_difficulty_estimator
dnsmos,nisqa_train_live,local_residual_normalized_k10,mean_width,2.760171413421631,2.554776386465904,-0.20539502695572676,-0.33170172332015063,-0.07943411962011507,2000,fixed_difficulty_estimator
dnsmos,nisqa_train_live,local_residual_normalized_k10,mean_interval_score,2.7847778540031585,2.6253258631410046,-0.1594519908621539,-0.26789783380715815,-0.04230288472427666,2000,fixed_difficulty_estimator
dnsmos,nisqa_train_live,local_residual_normalized_k25,coverage,0.9901960784313726,0.9764705882352941,-0.013725490196078494,-0.02556538839724687,-0.005905366641116753,2000,fixed_difficulty_estimator
dnsmos,nisqa_train_live,local_residual_normalized_k25,mean_width,2.760171413421631,2.485480565651373,-0.27469084777025765,-0.37689887921324605,-0.17288932747440358,2000,fixed_difficulty_estimator
dnsmos,nisqa_train_live,local_residual_normalized_k25,mean_interval_score,2.7847778540031585,2.5646317705432526,-0.22014608345990583,-0.3140386561538614,-0.12002405308672888,2000,fixed_difficulty_estimator
dnsmos,nisqa_train_live,local_residual_normalized_k50,coverage,0.9901960784313726,0.9823529411764705,-0.007843137254902044,-0.01949317738791423,-0.0019252639661015765,2000,fixed_difficulty_estimator
dnsmos,nisqa_train_live,local_residual_normalized_k50,mean_width,2.760171413421631,2.586211150074552,-0.17396026334707893,-0.2660987705760276,-0.09887982271189945,2000,fixed_difficulty_estimator
dnsmos,nisqa_train_live,local_residual_normalized_k50,mean_interval_score,2.7847778540031585,2.633659824966638,-0.1511180290365206,-0.23720139566643847,-0.08412361799628103,2000,fixed_difficulty_estimator
dnsmos,nisqa_val_live,mahalanobis_mondrian,coverage,1.0,1.0,0.0,-0.01005025125628145,0.0,2000,fixed_difficulty_estimator
dnsmos,nisqa_val_live,mahalanobis_mondrian,mean_width,2.760171413421631,2.752108960151672,-0.008062453269958691,-0.11644291515533961,0.15345535858072845,2000,fixed_difficulty_estimator
dnsmos,nisqa_val_live,mahalanobis_mondrian,mean_interval_score,2.760171413421631,2.752108960151672,-0.008062453269958691,-0.11236711082650648,0.15345535858072845,2000,fixed_difficulty_estimator
dnsmos,nisqa_val_live,predicted_mos_mondrian,coverage,1.0,1.0,0.0,-0.015000000000000013,0.0,2000,fixed_difficulty_estimator
dnsmos,nisqa_val_live,predicted_mos_mondrian,mean_width,2.760171413421631,2.732278497219086,-0.02789291620254497,-0.23212004655599577,0.16076094949155545,2000,fixed_difficulty_estimator
dnsmos,nisqa_val_live,predicted_mos_mondrian,mean_interval_score,2.760171413421631,2.732278497219086,-0.02789291620254497,-0.22328660261631011,0.16335368581514537,2000,fixed_difficulty_estimator
dnsmos,nisqa_val_live,mos_extremity_mondrian,coverage,1.0,1.0,0.0,-0.015000000000000013,0.0,2000,fixed_difficulty_estimator
dnsmos,nisqa_val_live,mos_extremity_mondrian,mean_width,2.760171413421631,2.722864750623703,-0.037306662797927714,-0.14436477883027327,0.08010313826918028,2000,fixed_difficulty_estimator
dnsmos,nisqa_val_live,mos_extremity_mondrian,mean_interval_score,2.760171413421631,2.722864750623703,-0.037306662797927714,-0.1418201707165364,0.08010313826918028,2000,fixed_difficulty_estimator
dnsmos,nisqa_val_live,local_residual_mondrian_k10,coverage,1.0,1.0,0.0,-0.015000000000000013,0.0,2000,fixed_difficulty_estimator
dnsmos,nisqa_val_live,local_residual_mondrian_k10,mean_width,2.760171413421631,2.7514226508140562,-0.008748762607574623,-0.13526119934017328,0.09159203182056817,2000,fixed_difficulty_estimator
dnsmos,nisqa_val_live,local_residual_mondrian_k10,mean_interval_score,2.760171413421631,2.7514226508140562,-0.008748762607574623,-0.12350868118531784,0.09219546161075619,2000,fixed_difficulty_estimator
dnsmos,nisqa_val_live,local_residual_mondrian_k25,coverage,1.0,0.99,-0.010000000000000009,-0.025000000000000022,0.0,2000,fixed_difficulty_estimator
dnsmos,nisqa_val_live,local_residual_mondrian_k25,mean_width,2.760171413421631,2.6521076834201813,-0.10806373000144953,-0.2778022917425757,0.08016292229249836,2000,fixed_difficulty_estimator
dnsmos,nisqa_val_live,local_residual_mondrian_k25,mean_interval_score,2.760171413421631,2.6704667723178863,-0.08970464110374454,-0.23722456091582156,0.08547263503793487,2000,fixed_difficulty_estimator
dnsmos,nisqa_val_live,local_residual_mondrian_k50,coverage,1.0,1.0,0.0,-0.015075376884422065,0.0,2000,fixed_difficulty_estimator
dnsmos,nisqa_val_live,local_residual_mondrian_k50,mean_width,2.760171413421631,2.6969122982025144,-0.06325911521911642,-0.22893516807699935,0.07823898018577805,2000,fixed_difficulty_estimator
dnsmos,nisqa_val_live,local_residual_mondrian_k50,mean_interval_score,2.760171413421631,2.6969122982025144,-0.06325911521911642,-0.20572618898659045,0.07857977808500413,2000,fixed_difficulty_estimator
dnsmos,nisqa_val_live,local_residual_normalized_k10,coverage,1.0,0.99,-0.010000000000000009,-0.025252525252525304,0.0,2000,fixed_difficulty_estimator
dnsmos,nisqa_val_live,local_residual_normalized_k10,mean_width,2.760171413421631,2.5171142345819244,-0.24305717883970646,-0.3756133425824538,-0.11770630114674878,2000,fixed_difficulty_estimator
dnsmos,nisqa_val_live,local_residual_normalized_k10,mean_interval_score,2.760171413421631,2.5776459067835806,-0.18252550663805023,-0.3395662988474347,-0.03843386463976964,2000,fixed_difficulty_estimator
dnsmos,nisqa_val_live,local_residual_normalized_k25,coverage,1.0,0.99,-0.010000000000000009,-0.025000000000000022,0.0,2000,fixed_difficulty_estimator
dnsmos,nisqa_val_live,local_residual_normalized_k25,mean_width,2.760171413421631,2.5023841002660685,-0.25778731315556236,-0.3670857891174151,-0.15347378148422613,2000,fixed_difficulty_estimator
dnsmos,nisqa_val_live,local_residual_normalized_k25,mean_interval_score,2.760171413421631,2.530718105624375,-0.22945330779725603,-0.3484664719514786,-0.11106953589951246,2000,fixed_difficulty_estimator
dnsmos,nisqa_val_live,local_residual_normalized_k50,coverage,1.0,0.995,-0.0050000000000000044,-0.015151515151515138,0.0,2000,fixed_difficulty_estimator
dnsmos,nisqa_val_live,local_residual_normalized_k50,mean_width,2.760171413421631,2.5975357112124153,-0.16263570220921553,-0.2563677536939031,-0.08166645996570135,2000,fixed_difficulty_estimator
dnsmos,nisqa_val_live,local_residual_normalized_k50,mean_interval_score,2.760171413421631,2.620103069666412,-0.14006834375521882,-0.24132878535582106,-0.04547493961234428,2000,fixed_difficulty_estimator
dnsmos,nisqa_test_for,mahalanobis_mondrian,coverage,0.9,0.8958333333333334,-0.004166666666666652,-0.03749999999999998,0.02083333333333337,2000,fixed_difficulty_estimator
dnsmos,nisqa_test_for,mahalanobis_mondrian,mean_width,2.760171413421631,2.756718889872233,-0.0034525235493978457,-0.08957732896010101,0.12572706679503118,2000,fixed_difficulty_estimator
dnsmos,nisqa_test_for,mahalanobis_mondrian,mean_interval_score,3.2149482369422913,3.2063019633293153,-0.008646273612975985,-0.0759684038162232,0.13726082839071746,2000,fixed_difficulty_estimator
dnsmos,nisqa_test_for,predicted_mos_mondrian,coverage,0.9,0.9125,0.012499999999999956,-0.04166666666666663,0.041770833333332834,2000,fixed_difficulty_estimator
dnsmos,nisqa_test_for,predicted_mos_mondrian,mean_width,2.760171413421631,2.785668655236562,0.025497241814931293,-0.11776021237174668,0.13303988819320992,2000,fixed_difficulty_estimator
dnsmos,nisqa_test_for,predicted_mos_mondrian,mean_interval_score,3.2149482369422913,3.191830172141393,-0.023118064800898175,-0.12013760824998201,0.11305310495197753,2000,fixed_difficulty_estimator
dnsmos,nisqa_test_for,mos_extremity_mondrian,coverage,0.9,0.9041666666666667,0.004166666666666652,-0.033333333333333326,0.04166666666666663,2000,fixed_difficulty_estimator
dnsmos,nisqa_test_for,mos_extremity_mondrian,mean_width,2.760171413421631,2.7747094790140787,0.014538065592447857,-0.07832588906089451,0.11782369486987589,2000,fixed_difficulty_estimator
dnsmos,nisqa_test_for,mos_extremity_mondrian,mean_interval_score,3.2149482369422913,3.1982171992460886,-0.016731037696202655,-0.1457361805438998,0.12631165603796624,2000,fixed_difficulty_estimator
dnsmos,nisqa_test_for,local_residual_mondrian_k10,coverage,0.9,0.9083333333333333,0.008333333333333304,-0.01666666666666672,0.03760416666666618,2000,fixed_difficulty_estimator
dnsmos,nisqa_test_for,local_residual_mondrian_k10,mean_width,2.760171413421631,2.779202234745026,0.019030821323394953,-0.057982613046964185,0.12280431489149729,2000,fixed_difficulty_estimator
dnsmos,nisqa_test_for,local_residual_mondrian_k10,mean_interval_score,3.2149482369422913,3.205393207073212,-0.009555029869079412,-0.06514568030834197,0.0902369212607546,2000,fixed_difficulty_estimator
dnsmos,nisqa_test_for,local_residual_mondrian_k25,coverage,0.9,0.8916666666666667,-0.008333333333333304,-0.029166666666666674,0.03749999999999998,2000,fixed_difficulty_estimator
dnsmos,nisqa_test_for,local_residual_mondrian_k25,mean_width,2.760171413421631,2.737865858276685,-0.02230555514494581,-0.13495066799223424,0.09572492236892366,2000,fixed_difficulty_estimator
dnsmos,nisqa_test_for,local_residual_mondrian_k25,mean_interval_score,3.2149482369422913,3.126605066657066,-0.08834317028522509,-0.17640332659085592,0.04383836170037604,2000,fixed_difficulty_estimator
dnsmos,nisqa_test_for,local_residual_mondrian_k50,coverage,0.9,0.9,0.0,-0.033333333333333326,0.033333333333333326,2000,fixed_difficulty_estimator
dnsmos,nisqa_test_for,local_residual_mondrian_k50,mean_width,2.760171413421631,2.7666196624437966,0.006448249022165786,-0.11958518256743769,0.08247830549875891,2000,fixed_difficulty_estimator
dnsmos,nisqa_test_for,local_residual_mondrian_k50,mean_interval_score,3.2149482369422913,3.2117192248503366,-0.003229012091954697,-0.08414454673727369,0.08793327664335567,2000,fixed_difficulty_estimator
dnsmos,nisqa_test_for,local_residual_normalized_k10,coverage,0.9,0.9291666666666667,0.029166666666666674,-0.016666666666666607,0.07093749999999951,2000,fixed_difficulty_estimator
dnsmos,nisqa_test_for,local_residual_normalized_k10,mean_width,2.760171413421631,2.888496086021996,0.12832467260036529,-0.03819001112261111,0.2748537843373381,2000,fixed_difficulty_estimator
dnsmos,nisqa_test_for,local_residual_normalized_k10,mean_interval_score,3.2149482369422913,3.2302675194972488,0.015319282554957514,-0.15205256020328647,0.16013204323697847,2000,fixed_difficulty_estimator
dnsmos,nisqa_test_for,local_residual_normalized_k25,coverage,0.9,0.8958333333333334,-0.004166666666666652,-0.04166666666666674,0.03749999999999998,2000,fixed_difficulty_estimator
dnsmos,nisqa_test_for,local_residual_normalized_k25,mean_width,2.760171413421631,2.6734161732347683,-0.08675524018686254,-0.20490331254221067,0.03650720817493875,2000,fixed_difficulty_estimator
dnsmos,nisqa_test_for,local_residual_normalized_k25,mean_interval_score,3.2149482369422913,3.1559543245291346,-0.05899391241315666,-0.15290229156426424,0.04081788172120825,2000,fixed_difficulty_estimator
dnsmos,nisqa_test_for,local_residual_normalized_k50,coverage,0.9,0.8958333333333334,-0.004166666666666652,-0.04166666666666674,0.025000000000000022,2000,fixed_difficulty_estimator
dnsmos,nisqa_test_for,local_residual_normalized_k50,mean_width,2.760171413421631,2.7203120598138937,-0.03985935360773718,-0.14571028796447583,0.05304974008112625,2000,fixed_difficulty_estimator
dnsmos,nisqa_test_for,local_residual_normalized_k50,mean_interval_score,3.2149482369422913,3.186712856734447,-0.02823538020784433,-0.11435600426178315,0.06901597272602396,2000,fixed_difficulty_estimator
dnsmos,nisqa_test_livetalk,mahalanobis_mondrian,coverage,0.9439655172413793,0.9482758620689655,0.004310344827586188,-0.02155172413793094,0.017241379310344862,2000,fixed_difficulty_estimator
dnsmos,nisqa_test_livetalk,mahalanobis_mondrian,mean_width,2.760171413421631,2.7235105202115815,-0.036660893210049394,-0.15172683504121057,0.14546321404391288,2000,fixed_difficulty_estimator
dnsmos,nisqa_test_livetalk,mahalanobis_mondrian,mean_interval_score,3.033029247974527,2.994854283743891,-0.03817496423063593,-0.1000621007434255,0.08533091077516797,2000,fixed_difficulty_estimator
dnsmos,nisqa_test_livetalk,predicted_mos_mondrian,coverage,0.9439655172413793,0.9525862068965517,0.008620689655172376,-0.025862068965517238,0.02155172413793105,2000,fixed_difficulty_estimator
dnsmos,nisqa_test_livetalk,predicted_mos_mondrian,mean_width,2.760171413421631,2.7535632499333085,-0.006608163488322383,-0.1609960850456666,0.12031982628435867,2000,fixed_difficulty_estimator
dnsmos,nisqa_test_livetalk,predicted_mos_mondrian,mean_interval_score,3.033029247974527,3.0047406656988738,-0.02828858227565334,-0.1141707638214375,0.08030489626629601,2000,fixed_difficulty_estimator
dnsmos,nisqa_test_livetalk,mos_extremity_mondrian,coverage,0.9439655172413793,0.9568965517241379,0.012931034482758563,-0.017241379310344862,0.02155172413793105,2000,fixed_difficulty_estimator
dnsmos,nisqa_test_livetalk,mos_extremity_mondrian,mean_width,2.760171413421631,2.7346557563748854,-0.02551565704674541,-0.12100297957658765,0.07663679981026139,2000,fixed_difficulty_estimator
dnsmos,nisqa_test_livetalk,mos_extremity_mondrian,mean_interval_score,3.033029247974527,3.0005658166161897,-0.0324634313583374,-0.09853992940023033,0.049515780035791636,2000,fixed_difficulty_estimator
dnsmos,nisqa_test_livetalk,local_residual_mondrian_k10,coverage,0.9439655172413793,0.9525862068965517,0.008620689655172376,-0.025862068965517238,0.017241379310344862,2000,fixed_difficulty_estimator
dnsmos,nisqa_test_livetalk,local_residual_mondrian_k10,mean_width,2.760171413421631,2.778550561132102,0.018379147710471333,-0.07946650791784818,0.12849921491639354,2000,fixed_difficulty_estimator
dnsmos,nisqa_test_livetalk,local_residual_mondrian_k10,mean_interval_score,3.033029247974527,3.0333051085472107,0.0002758605726835839,-0.055717037875076814,0.10312056366739612,2000,fixed_difficulty_estimator
dnsmos,nisqa_test_livetalk,local_residual_mondrian_k25,coverage,0.9439655172413793,0.9310344827586207,-0.012931034482758674,-0.06034482758620696,0.012931034482758563,2000,fixed_difficulty_estimator
dnsmos,nisqa_test_livetalk,local_residual_mondrian_k25,mean_width,2.760171413421631,2.728936269365508,-0.03123514405612271,-0.14827464079034744,0.097172408525286,2000,fixed_difficulty_estimator
dnsmos,nisqa_test_livetalk,local_residual_mondrian_k25,mean_interval_score,3.033029247974527,3.0549565142598647,0.021927266285337588,-0.04531027911038199,0.2558180619159646,2000,fixed_difficulty_estimator
dnsmos,nisqa_test_livetalk,local_residual_mondrian_k50,coverage,0.9439655172413793,0.9525862068965517,0.008620689655172376,-0.03448275862068961,0.02155172413793105,2000,fixed_difficulty_estimator
dnsmos,nisqa_test_livetalk,local_residual_mondrian_k50,mean_width,2.760171413421631,2.741592384617904,-0.01857902880372686,-0.12608655346878664,0.09737054438426561,2000,fixed_difficulty_estimator
dnsmos,nisqa_test_livetalk,local_residual_mondrian_k50,mean_interval_score,3.033029247974527,3.0129447086104033,-0.0200845393641238,-0.08511868401848052,0.13154652617100998,2000,fixed_difficulty_estimator
dnsmos,nisqa_test_livetalk,local_residual_normalized_k10,coverage,0.9439655172413793,0.9137931034482759,-0.030172413793103425,-0.07327586206896552,-0.004310344827586188,2000,fixed_difficulty_estimator
dnsmos,nisqa_test_livetalk,local_residual_normalized_k10,mean_width,2.760171413421631,2.7483471100796923,-0.011824303341938514,-0.16090876329111684,0.12235542721250407,2000,fixed_difficulty_estimator
dnsmos,nisqa_test_livetalk,local_residual_normalized_k10,mean_interval_score,3.033029247974527,3.1392613780223644,0.10623213004783727,-0.005380525002473891,0.21480993283332905,2000,fixed_difficulty_estimator
dnsmos,nisqa_test_livetalk,local_residual_normalized_k25,coverage,0.9439655172413793,0.9181034482758621,-0.025862068965517238,-0.06465517241379315,0.0,2000,fixed_difficulty_estimator
dnsmos,nisqa_test_livetalk,local_residual_normalized_k25,mean_width,2.760171413421631,2.6293533749300813,-0.1308180384915496,-0.24181401502452093,-0.024428087231029686,2000,fixed_difficulty_estimator
dnsmos,nisqa_test_livetalk,local_residual_normalized_k25,mean_interval_score,3.033029247974527,3.0739161112338853,0.0408868632593582,-0.08823730572717613,0.18597189649021093,2000,fixed_difficulty_estimator
dnsmos,nisqa_test_livetalk,local_residual_normalized_k50,coverage,0.9439655172413793,0.9396551724137931,-0.004310344827586188,-0.030172413793103425,0.012931034482758567,2000,fixed_difficulty_estimator
dnsmos,nisqa_test_livetalk,local_residual_normalized_k50,mean_width,2.760171413421631,2.6971744525392296,-0.06299696088240125,-0.16190607063102624,0.017475799146436863,2000,fixed_difficulty_estimator
dnsmos,nisqa_test_livetalk,local_residual_normalized_k50,mean_interval_score,3.033029247974527,3.015580674628195,-0.017448573346332097,-0.10112145900496156,0.07267118429870237,2000,fixed_difficulty_estimator
dnsmos,nisqa_test_p501,mahalanobis_mondrian,coverage,0.8708333333333333,0.8708333333333333,0.0,-0.029166666666666674,0.04166666666666674,2000,fixed_difficulty_estimator
dnsmos,nisqa_test_p501,mahalanobis_mondrian,mean_width,2.760171413421631,2.7648558497428892,0.004684436321258367,-0.06849542424082762,0.1034346907337507,2000,fixed_difficulty_estimator
dnsmos,nisqa_test_p501,mahalanobis_mondrian,mean_interval_score,3.2436138888200126,3.244972018400828,0.0013581295808156035,-0.08117448081572845,0.11123739878336546,2000,fixed_difficulty_estimator
dnsmos,nisqa_test_p501,predicted_mos_mondrian,coverage,0.8708333333333333,0.8833333333333333,0.012499999999999956,-0.03333333333333344,0.054166666666666696,2000,fixed_difficulty_estimator
dnsmos,nisqa_test_p501,predicted_mos_mondrian,mean_width,2.760171413421631,2.7949451466401416,0.03477373321851074,-0.05762969821691498,0.10674783676862691,2000,fixed_difficulty_estimator
dnsmos,nisqa_test_p501,predicted_mos_mondrian,mean_interval_score,3.2436138888200126,3.210601047674815,-0.03301284114519776,-0.09497535874446236,0.13371190883219203,2000,fixed_difficulty_estimator
dnsmos,nisqa_test_p501,mos_extremity_mondrian,coverage,0.8708333333333333,0.8666666666666667,-0.004166666666666652,-0.04166666666666663,0.03749999999999998,2000,fixed_difficulty_estimator
dnsmos,nisqa_test_p501,mos_extremity_mondrian,mean_width,2.760171413421631,2.785622642437617,0.025451229015986065,-0.06725111315647761,0.12224366471171377,2000,fixed_difficulty_estimator
dnsmos,nisqa_test_p501,mos_extremity_mondrian,mean_interval_score,3.2436138888200126,3.233181462685267,-0.010432426134745487,-0.08729722330967617,0.12485654632250463,2000,fixed_difficulty_estimator
dnsmos,nisqa_test_p501,local_residual_mondrian_k10,coverage,0.8708333333333333,0.8666666666666667,-0.004166666666666652,-0.033333333333333326,0.04166666666666663,2000,fixed_difficulty_estimator
dnsmos,nisqa_test_p501,local_residual_mondrian_k10,mean_width,2.760171413421631,2.777732793490092,0.017561380068461308,-0.05920419255892453,0.11892551091810041,2000,fixed_difficulty_estimator
dnsmos,nisqa_test_p501,local_residual_mondrian_k10,mean_interval_score,3.2436138888200126,3.2541237910588583,0.010509902238845736,-0.06385008096694929,0.1646348745375871,2000,fixed_difficulty_estimator
dnsmos,nisqa_test_p501,local_residual_mondrian_k25,coverage,0.8708333333333333,0.8916666666666667,0.02083333333333337,-0.04166666666666663,0.04583333333333339,2000,fixed_difficulty_estimator
dnsmos,nisqa_test_p501,local_residual_mondrian_k25,mean_width,2.760171413421631,2.7825824201107023,0.022411006689071478,-0.08647531400124217,0.1204826640586059,2000,fixed_difficulty_estimator
dnsmos,nisqa_test_p501,local_residual_mondrian_k25,mean_interval_score,3.2436138888200126,3.243563203016917,-5.068580309552928e-05,-0.09344490227599941,0.18940635298689218,2000,fixed_difficulty_estimator
dnsmos,nisqa_test_p501,local_residual_mondrian_k50,coverage,0.8708333333333333,0.8708333333333333,0.0,-0.03750000000000009,0.03749999999999998,2000,fixed_difficulty_estimator
dnsmos,nisqa_test_p501,local_residual_mondrian_k50,mean_width,2.760171413421631,2.7814218084017437,0.02125039498011283,-0.0814566081265607,0.09972501933574672,2000,fixed_difficulty_estimator
dnsmos,nisqa_test_p501,local_residual_mondrian_k50,mean_interval_score,3.2436138888200126,3.2571495354175566,0.013535646597544027,-0.07090659807125742,0.19652610162893894,2000,fixed_difficulty_estimator
dnsmos,nisqa_test_p501,local_residual_normalized_k10,coverage,0.8708333333333333,0.8958333333333334,0.025000000000000022,-0.033333333333333326,0.08333333333333326,2000,fixed_difficulty_estimator
dnsmos,nisqa_test_p501,local_residual_normalized_k10,mean_width,2.760171413421631,2.9303299421951654,0.17015852877353455,0.0012777294119050734,0.31974712057582944,2000,fixed_difficulty_estimator
dnsmos,nisqa_test_p501,local_residual_normalized_k10,mean_interval_score,3.2436138888200126,3.416323236283075,0.17270934746306255,-0.0652495176799385,0.39554389893538,2000,fixed_difficulty_estimator
dnsmos,nisqa_test_p501,local_residual_normalized_k25,coverage,0.8708333333333333,0.8666666666666667,-0.004166666666666652,-0.04583333333333339,0.04583333333333339,2000,fixed_difficulty_estimator
dnsmos,nisqa_test_p501,local_residual_normalized_k25,mean_width,2.760171413421631,2.756101514510234,-0.004069898911396752,-0.12106228349207923,0.11152718255791437,2000,fixed_difficulty_estimator
dnsmos,nisqa_test_p501,local_residual_normalized_k25,mean_interval_score,3.2436138888200126,3.3121888991013955,0.06857501028138291,-0.0710865395521776,0.20892082177025711,2000,fixed_difficulty_estimator
dnsmos,nisqa_test_p501,local_residual_normalized_k50,coverage,0.8708333333333333,0.8708333333333333,0.0,-0.04166666666666663,0.03749999999999998,2000,fixed_difficulty_estimator
dnsmos,nisqa_test_p501,local_residual_normalized_k50,mean_width,2.760171413421631,2.77141429999105,0.011242886569418964,-0.09116787930461828,0.09900245161328541,2000,fixed_difficulty_estimator
dnsmos,nisqa_test_p501,local_residual_normalized_k50,mean_interval_score,3.2436138888200126,3.3345952089059088,0.09098132008589621,0.0016846765017586754,0.19426803496384598,2000,fixed_difficulty_estimator
nisqa,nisqa_val_sim,mahalanobis_mondrian,coverage,0.896,0.8992,0.0031999999999999806,-0.021599999999999953,0.027200000000000002,2000,fixed_difficulty_estimator
nisqa,nisqa_val_sim,mahalanobis_mondrian,mean_width,2.91591215133667,2.856833064842224,-0.05907908649444593,-0.24367514538288104,0.09324732907295204,2000,fixed_difficulty_estimator
nisqa,nisqa_val_sim,mahalanobis_mondrian,mean_interval_score,3.551801847457886,3.5045662019729615,-0.047235645484924316,-0.11240165398597717,0.06204827869415271,2000,fixed_difficulty_estimator
nisqa,nisqa_val_sim,predicted_mos_mondrian,coverage,0.896,0.912,0.016000000000000014,-0.016000000000000014,0.03759999999999997,2000,fixed_difficulty_estimator
nisqa,nisqa_val_sim,predicted_mos_mondrian,mean_width,2.91591215133667,2.9226411056518553,0.006728954315185387,-0.15830778295993828,0.19405834365844707,2000,fixed_difficulty_estimator
nisqa,nisqa_val_sim,predicted_mos_mondrian,mean_interval_score,3.551801847457886,3.36848642539978,-0.1833154220581057,-0.2567919135332108,0.004272793068885858,2000,fixed_difficulty_estimator
nisqa,nisqa_val_sim,mos_extremity_mondrian,coverage,0.896,0.9056,0.009599999999999942,-0.02079999999999993,0.028000000000000025,2000,fixed_difficulty_estimator
nisqa,nisqa_val_sim,mos_extremity_mondrian,mean_width,2.91591215133667,2.866054936790466,-0.04985721454620373,-0.21529943666934948,0.1604696644067763,2000,fixed_difficulty_estimator
nisqa,nisqa_val_sim,mos_extremity_mondrian,mean_interval_score,3.551801847457886,3.449202664756775,-0.10259918270111079,-0.1453824210357667,0.0982924529600144,2000,fixed_difficulty_estimator
nisqa,nisqa_val_sim,local_residual_mondrian_k10,coverage,0.896,0.9144,0.018399999999999972,-0.031200000000000006,0.034399999999999986,2000,fixed_difficulty_estimator
nisqa,nisqa_val_sim,local_residual_mondrian_k10,mean_width,2.91591215133667,2.8090449771881105,-0.1068671741485594,-0.3578039710569383,-0.01301461420536058,2000,fixed_difficulty_estimator
nisqa,nisqa_val_sim,local_residual_mondrian_k10,mean_interval_score,3.551801847457886,3.275138216018677,-0.276663631439209,-0.3561195135116581,-0.10195075666904466,2000,fixed_difficulty_estimator
nisqa,nisqa_val_sim,local_residual_mondrian_k25,coverage,0.896,0.9184,0.022399999999999975,-0.012799999999999923,0.04080000000000006,2000,fixed_difficulty_estimator
nisqa,nisqa_val_sim,local_residual_mondrian_k25,mean_width,2.91591215133667,2.811879780960083,-0.10403237037658686,-0.3300323210668564,0.04125723027229295,2000,fixed_difficulty_estimator
nisqa,nisqa_val_sim,local_residual_mondrian_k25,mean_interval_score,3.551801847457886,3.293695819091797,-0.25810602836608876,-0.3381225099229815,-0.10831389754295351,2000,fixed_difficulty_estimator
nisqa,nisqa_val_sim,local_residual_mondrian_k50,coverage,0.896,0.9208,0.024799999999999933,-0.013620000000000054,0.0464,2000,fixed_difficulty_estimator
nisqa,nisqa_val_sim,local_residual_mondrian_k50,mean_width,2.91591215133667,2.8391257637023926,-0.07678638763427736,-0.3201428334903715,0.079550757846832,2000,fixed_difficulty_estimator
nisqa,nisqa_val_sim,local_residual_mondrian_k50,mean_interval_score,3.551801847457886,3.319707735824585,-0.23209411163330085,-0.3167507487297061,-0.07558891317844392,2000,fixed_difficulty_estimator
nisqa,nisqa_val_sim,local_residual_normalized_k10,coverage,0.896,0.9024,0.006399999999999961,-0.02960000000000007,0.03520000000000001,2000,fixed_difficulty_estimator
nisqa,nisqa_val_sim,local_residual_normalized_k10,mean_width,2.91591215133667,2.778439603896471,-0.13747254744019877,-0.37940561424867475,0.07216023697224096,2000,fixed_difficulty_estimator
nisqa,nisqa_val_sim,local_residual_normalized_k10,mean_interval_score,3.551801847457886,3.3652734723518036,-0.18652837510608222,-0.32007036575229575,-0.0434013988904618,2000,fixed_difficulty_estimator
nisqa,nisqa_val_sim,local_residual_normalized_k25,coverage,0.896,0.9192,0.0232,-0.00880000000000003,0.04800000000000004,2000,fixed_difficulty_estimator
nisqa,nisqa_val_sim,local_residual_normalized_k25,mean_width,2.91591215133667,2.805458051109257,-0.11045410022741287,-0.34520697939099365,0.09168332361210842,2000,fixed_difficulty_estimator
nisqa,nisqa_val_sim,local_residual_normalized_k25,mean_interval_score,3.551801847457886,3.342807513241316,-0.20899433421656965,-0.3388856933044214,-0.07136948259988653,2000,fixed_difficulty_estimator
nisqa,nisqa_val_sim,local_residual_normalized_k50,coverage,0.896,0.9224,0.02639999999999998,-0.007200000000000095,0.04800000000000004,2000,fixed_difficulty_estimator
nisqa,nisqa_val_sim,local_residual_normalized_k50,mean_width,2.91591215133667,2.8040536564332577,-0.11185849490341226,-0.33811916128719177,0.03239281354429539,2000,fixed_difficulty_estimator
nisqa,nisqa_val_sim,local_residual_normalized_k50,mean_interval_score,3.551801847457886,3.315371776377208,-0.2364300710806777,-0.35387372203920414,-0.11246961555457696,2000,fixed_difficulty_estimator
nisqa,nisqa_train_live,mahalanobis_mondrian,coverage,0.9931372549019608,0.9450980392156862,-0.04803921568627456,-0.0926126396731948,-0.014648080221036587,2000,fixed_difficulty_estimator
nisqa,nisqa_train_live,mahalanobis_mondrian,mean_width,2.91591215133667,2.142455140983357,-0.7734570103533129,-1.1415061568385325,-0.4061377476136864,2000,fixed_difficulty_estimator
nisqa,nisqa_train_live,mahalanobis_mondrian,mean_interval_score,2.9288697429731783,2.3811936521062664,-0.5476760908669118,-0.7716280675057463,-0.32599535806443386,2000,fixed_difficulty_estimator
nisqa,nisqa_train_live,predicted_mos_mondrian,coverage,0.9931372549019608,0.9872549019607844,-0.00588235294117645,-0.015671294962647214,0.006896721757464476,2000,fixed_difficulty_estimator
nisqa,nisqa_train_live,predicted_mos_mondrian,mean_width,2.91591215133667,3.079538118839264,0.16362596750259417,-0.06265448884752481,0.46129481331886063,2000,fixed_difficulty_estimator
nisqa,nisqa_train_live,predicted_mos_mondrian,mean_interval_score,2.9288697429731783,3.1025748138334235,0.17370507086024523,-0.03370900359767235,0.46277849429332224,2000,fixed_difficulty_estimator
nisqa,nisqa_train_live,mos_extremity_mondrian,coverage,0.9931372549019608,0.9823529411764705,-0.010784313725490269,-0.01972386587771202,0.003913894324853229,2000,fixed_difficulty_estimator
nisqa,nisqa_train_live,mos_extremity_mondrian,mean_width,2.91591215133667,2.8425534196928437,-0.07335873164382622,-0.24120250342623992,0.19628293060645707,2000,fixed_difficulty_estimator
nisqa,nisqa_train_live,mos_extremity_mondrian,mean_interval_score,2.9288697429731783,2.8806882002774405,-0.04818154269573771,-0.1968677077306494,0.2069389965857209,2000,fixed_difficulty_estimator
nisqa,nisqa_train_live,local_residual_mondrian_k10,coverage,0.9931372549019608,0.9794117647058823,-0.013725490196078494,-0.043140436115449196,-0.006829268292682933,2000,fixed_difficulty_estimator
nisqa,nisqa_train_live,local_residual_mondrian_k10,mean_width,2.91591215133667,2.629664134044273,-0.2862480172923969,-0.5884336753143721,-0.19047613673199285,2000,fixed_difficulty_estimator
nisqa,nisqa_train_live,local_residual_mondrian_k10,mean_interval_score,2.9288697429731783,2.7358982567693673,-0.192971486203811,-0.44132120613218867,-0.09383440681905374,2000,fixed_difficulty_estimator
nisqa,nisqa_train_live,local_residual_mondrian_k25,coverage,0.9931372549019608,0.9784313725490196,-0.014705882352941235,-0.04340525328330206,-0.004906771344455385,2000,fixed_difficulty_estimator
nisqa,nisqa_train_live,local_residual_mondrian_k25,mean_width,2.91591215133667,2.437855124239828,-0.47805702709684184,-0.7663716077703764,-0.2797538230693342,2000,fixed_difficulty_estimator
nisqa,nisqa_train_live,local_residual_mondrian_k25,mean_interval_score,2.9288697429731783,2.5226605614026387,-0.40620918157053953,-0.6195551291464088,-0.23119953648195032,2000,fixed_difficulty_estimator
nisqa,nisqa_train_live,local_residual_mondrian_k50,coverage,0.9931372549019608,0.9784313725490196,-0.014705882352941235,-0.05425716440422317,-0.0048728212116049855,2000,fixed_difficulty_estimator
nisqa,nisqa_train_live,local_residual_mondrian_k50,mean_width,2.91591215133667,2.406337573481541,-0.5095745778551288,-0.8678215495687674,-0.2370312215356659,2000,fixed_difficulty_estimator
nisqa,nisqa_train_live,local_residual_mondrian_k50,mean_interval_score,2.9288697429731783,2.502648513924842,-0.42622122904833626,-0.6732904780809676,-0.20051556790462233,2000,fixed_difficulty_estimator
nisqa,nisqa_train_live,local_residual_normalized_k10,coverage,0.9931372549019608,0.9627450980392157,-0.0303921568627451,-0.047244094488189003,-0.01762977473065619,2000,fixed_difficulty_estimator
nisqa,nisqa_train_live,local_residual_normalized_k10,mean_width,2.91591215133667,2.2713494837572346,-0.6445626675794354,-0.8714466865190552,-0.4669091918402887,2000,fixed_difficulty_estimator
nisqa,nisqa_train_live,local_residual_normalized_k10,mean_interval_score,2.9288697429731783,2.4569425051221336,-0.4719272378510446,-0.6905777119638603,-0.3235627935114574,2000,fixed_difficulty_estimator
nisqa,nisqa_train_live,local_residual_normalized_k25,coverage,0.9931372549019608,0.9666666666666667,-0.026470588235294135,-0.04326450344149457,-0.014633789758950235,2000,fixed_difficulty_estimator
nisqa,nisqa_train_live,local_residual_normalized_k25,mean_width,2.91591215133667,2.2603930446298452,-0.6555191067068247,-0.8692169978105371,-0.4926588975713242,2000,fixed_difficulty_estimator
nisqa,nisqa_train_live,local_residual_normalized_k25,mean_interval_score,2.9288697429731783,2.399165139723306,-0.5297046032498725,-0.7366561652501944,-0.3957288123156735,2000,fixed_difficulty_estimator
nisqa,nisqa_train_live,local_residual_normalized_k50,coverage,0.9931372549019608,0.9686274509803922,-0.02450980392156865,-0.043268774369771126,-0.013805687920732135,2000,fixed_difficulty_estimator
nisqa,nisqa_train_live,local_residual_normalized_k50,mean_width,2.91591215133667,2.2559480931970937,-0.6599640581395763,-0.8683249668456936,-0.535941882330099,2000,fixed_difficulty_estimator
nisqa,nisqa_train_live,local_residual_normalized_k50,mean_interval_score,2.9288697429731783,2.395333505039316,-0.5335362379338622,-0.7453093160106424,-0.4195212675022382,2000,fixed_difficulty_estimator
nisqa,nisqa_val_live,mahalanobis_mondrian,coverage,0.995,0.98,-0.015000000000000013,-0.09900990099009899,0.0,2000,fixed_difficulty_estimator
nisqa,nisqa_val_live,mahalanobis_mondrian,mean_width,2.91591215133667,2.139845916032791,-0.7760662353038787,-1.147789223110556,-0.4001194434165958,2000,fixed_difficulty_estimator
nisqa,nisqa_val_live,mahalanobis_mondrian,mean_interval_score,2.9248497128486632,2.2685756170749665,-0.6562740957736968,-0.9337483053435033,-0.3421197240808735,2000,fixed_difficulty_estimator
nisqa,nisqa_val_live,predicted_mos_mondrian,coverage,0.995,0.995,0.0,-0.014925373134328401,0.015001884422110555,2000,fixed_difficulty_estimator
nisqa,nisqa_val_live,predicted_mos_mondrian,mean_width,2.91591215133667,3.1508199369907377,0.23490778565406778,0.020516375774652342,0.5530572566688059,2000,fixed_difficulty_estimator
nisqa,nisqa_val_live,predicted_mos_mondrian,mean_interval_score,2.9248497128486632,3.172010806798935,0.24716109395027175,0.02094752303319927,0.5515109423901803,2000,fixed_difficulty_estimator
nisqa,nisqa_val_live,mos_extremity_mondrian,coverage,0.995,1.0,0.0050000000000000044,-0.014780154123786745,0.015000000000000013,2000,fixed_difficulty_estimator
nisqa,nisqa_val_live,mos_extremity_mondrian,mean_width,2.91591215133667,2.8904070973396303,-0.025505053997039617,-0.20588795809290514,0.24686382924027617,2000,fixed_difficulty_estimator
nisqa,nisqa_val_live,mos_extremity_mondrian,mean_interval_score,2.9248497128486632,2.8904070973396303,-0.03444261550903294,-0.19704194865115124,0.25473511567862306,2000,fixed_difficulty_estimator
nisqa,nisqa_val_live,local_residual_mondrian_k10,coverage,0.995,0.975,-0.020000000000000018,-0.05555555555555547,0.0,2000,fixed_difficulty_estimator
nisqa,nisqa_val_live,local_residual_mondrian_k10,mean_width,2.91591215133667,2.6502590310573577,-0.2656531202793122,-0.556452181964966,-0.12947425363576023,2000,fixed_difficulty_estimator
nisqa,nisqa_val_live,local_residual_mondrian_k10,mean_interval_score,2.9248497128486632,2.738991893529892,-0.18585781931877143,-0.4441377151591792,0.002335139005490506,2000,fixed_difficulty_estimator
nisqa,nisqa_val_live,local_residual_mondrian_k25,coverage,0.995,0.985,-0.010000000000000009,-0.040000000000000036,0.0,2000,fixed_difficulty_estimator
nisqa,nisqa_val_live,local_residual_mondrian_k25,mean_width,2.91591215133667,2.4571281373500824,-0.4587840139865875,-0.7438494668814107,-0.24476031941353374,2000,fixed_difficulty_estimator
nisqa,nisqa_val_live,local_residual_mondrian_k25,mean_interval_score,2.9248497128486632,2.5212571799755095,-0.4035925328731538,-0.6518918295878673,-0.2040100786685945,2000,fixed_difficulty_estimator
nisqa,nisqa_val_live,local_residual_mondrian_k50,coverage,0.995,0.985,-0.010000000000000009,-0.0539282092147204,0.0,2000,fixed_difficulty_estimator
nisqa,nisqa_val_live,local_residual_mondrian_k50,mean_width,2.91591215133667,2.442150387763977,-0.47376176357269273,-0.8171210218917274,-0.20914399889147983,2000,fixed_difficulty_estimator
nisqa,nisqa_val_live,local_residual_mondrian_k50,mean_interval_score,2.9248497128486632,2.5020446395874023,-0.42280507326126093,-0.6993618786355958,-0.18627777959818223,2000,fixed_difficulty_estimator
nisqa,nisqa_val_live,local_residual_normalized_k10,coverage,0.995,0.96,-0.03500000000000003,-0.06565656565656564,-0.009950248756218971,2000,fixed_difficulty_estimator
nisqa,nisqa_val_live,local_residual_normalized_k10,mean_width,2.91591215133667,2.327610979383497,-0.588301171953173,-0.8137329292662004,-0.3959487711316744,2000,fixed_difficulty_estimator
nisqa,nisqa_val_live,local_residual_normalized_k10,mean_interval_score,2.9248497128486632,2.5032071317515143,-0.4216425810971489,-0.6588127913737625,-0.2186450631811197,2000,fixed_difficulty_estimator
nisqa,nisqa_val_live,local_residual_normalized_k25,coverage,0.995,0.97,-0.025000000000000022,-0.04975746268656716,-0.0050000000000000044,2000,fixed_difficulty_estimator
nisqa,nisqa_val_live,local_residual_normalized_k25,mean_width,2.91591215133667,2.3063510358587025,-0.6095611154779674,-0.8308230712082942,-0.43231179578559065,2000,fixed_difficulty_estimator
nisqa,nisqa_val_live,local_residual_normalized_k25,mean_interval_score,2.9248497128486632,2.4113344624039694,-0.5135152504446938,-0.7471852418460289,-0.3383718081931194,2000,fixed_difficulty_estimator
nisqa,nisqa_val_live,local_residual_normalized_k50,coverage,0.995,0.98,-0.015000000000000013,-0.04975124378109452,0.0,2000,fixed_difficulty_estimator
nisqa,nisqa_val_live,local_residual_normalized_k50,mean_width,2.91591215133667,2.30783197415663,-0.6080801771800397,-0.8166629328955493,-0.4772941995563581,2000,fixed_difficulty_estimator
nisqa,nisqa_val_live,local_residual_normalized_k50,mean_interval_score,2.9248497128486632,2.3829496331156945,-0.5419000797329687,-0.7587838564151159,-0.4065370021472746,2000,fixed_difficulty_estimator
nisqa,nisqa_test_for,mahalanobis_mondrian,coverage,0.9291666666666667,0.9125,-0.01666666666666672,-0.08333333333333337,0.02083333333333337,2000,fixed_difficulty_estimator
nisqa,nisqa_test_for,mahalanobis_mondrian,mean_width,2.91591215133667,2.5101017355918884,-0.4058104157447815,-0.6929764786362649,-0.15647879213094718,2000,fixed_difficulty_estimator
nisqa,nisqa_test_for,mahalanobis_mondrian,mean_interval_score,3.4487399558226266,3.24060982465744,-0.20813013116518642,-0.39858269363641735,0.07975167520344284,2000,fixed_difficulty_estimator
nisqa,nisqa_test_for,predicted_mos_mondrian,coverage,0.9291666666666667,0.9458333333333333,0.016666666666666607,-0.02499999999999991,0.054166666666666696,2000,fixed_difficulty_estimator
nisqa,nisqa_test_for,predicted_mos_mondrian,mean_width,2.91591215133667,2.8628542512655257,-0.05305790007114419,-0.31196031058828044,0.2881424641609188,2000,fixed_difficulty_estimator
nisqa,nisqa_test_for,predicted_mos_mondrian,mean_interval_score,3.4487399558226266,3.2868703991174697,-0.1618695567051569,-0.406020195881526,0.16464737117290484,2000,fixed_difficulty_estimator
nisqa,nisqa_test_for,mos_extremity_mondrian,coverage,0.9291666666666667,0.9333333333333333,0.004166666666666652,-0.029166666666666674,0.03749999999999998,2000,fixed_difficulty_estimator
nisqa,nisqa_test_for,mos_extremity_mondrian,mean_width,2.91591215133667,2.7123393446207045,-0.20357280671596545,-0.4280516165991626,0.10410592978199296,2000,fixed_difficulty_estimator
nisqa,nisqa_test_for,mos_extremity_mondrian,mean_interval_score,3.4487399558226266,3.3122165431578954,-0.13652341266473123,-0.3650740311046445,0.0732253765066464,2000,fixed_difficulty_estimator
nisqa,nisqa_test_for,local_residual_mondrian_k10,coverage,0.9291666666666667,0.9291666666666667,0.0,-0.04583333333333339,0.033333333333333326,2000,fixed_difficulty_estimator
nisqa,nisqa_test_for,local_residual_mondrian_k10,mean_width,2.91591215133667,2.6588854024807613,-0.2570267488559086,-0.6060232064624627,-0.1369373830407861,2000,fixed_difficulty_estimator
nisqa,nisqa_test_for,local_residual_mondrian_k10,mean_interval_score,3.4487399558226266,3.225083433588346,-0.22365652223428079,-0.506226693491141,0.02089726445575539,2000,fixed_difficulty_estimator
nisqa,nisqa_test_for,local_residual_mondrian_k25,coverage,0.9291666666666667,0.9458333333333333,0.016666666666666607,-0.025000000000000022,0.04583333333333339,2000,fixed_difficulty_estimator
nisqa,nisqa_test_for,local_residual_mondrian_k25,mean_width,2.91591215133667,2.620319429039955,-0.29559272229671496,-0.5641994828730823,-0.08360032724837446,2000,fixed_difficulty_estimator
nisqa,nisqa_test_for,local_residual_mondrian_k25,mean_interval_score,3.4487399558226266,3.1429092119137447,-0.3058307439088819,-0.5476109771927199,-0.03944853315750745,2000,fixed_difficulty_estimator
nisqa,nisqa_test_for,local_residual_mondrian_k50,coverage,0.9291666666666667,0.95,0.02083333333333326,-0.01666666666666672,0.054166666666666585,2000,fixed_difficulty_estimator
nisqa,nisqa_test_for,local_residual_mondrian_k50,mean_width,2.91591215133667,2.675205381711324,-0.24070676962534598,-0.5543272659927607,-0.0387306170662246,2000,fixed_difficulty_estimator
nisqa,nisqa_test_for,local_residual_mondrian_k50,mean_interval_score,3.4487399558226266,3.1734026392300922,-0.27533731659253435,-0.5322786060223977,-0.023773003742098866,2000,fixed_difficulty_estimator
nisqa,nisqa_test_for,local_residual_normalized_k10,coverage,0.9291666666666667,0.9166666666666666,-0.012500000000000067,-0.0625,0.03749999999999998,2000,fixed_difficulty_estimator
nisqa,nisqa_test_for,local_residual_normalized_k10,mean_width,2.91591215133667,2.513539079915153,-0.402373071421517,-0.7004981948264312,-0.10839805688102137,2000,fixed_difficulty_estimator
nisqa,nisqa_test_for,local_residual_normalized_k10,mean_interval_score,3.4487399558226266,3.1637482109508275,-0.2849917448717991,-0.5973989488223486,0.04428208075115689,2000,fixed_difficulty_estimator
nisqa,nisqa_test_for,local_residual_normalized_k25,coverage,0.9291666666666667,0.9416666666666667,0.012499999999999956,-0.025000000000000022,0.050000000000000044,2000,fixed_difficulty_estimator
nisqa,nisqa_test_for,local_residual_normalized_k25,mean_width,2.91591215133667,2.561196784732674,-0.3547153666039957,-0.6504176176242457,-0.07318619000684953,2000,fixed_difficulty_estimator
nisqa,nisqa_test_for,local_residual_normalized_k25,mean_interval_score,3.4487399558226266,3.095932782317344,-0.35280717350528246,-0.6333865137354925,-0.05068609794492191,2000,fixed_difficulty_estimator
nisqa,nisqa_test_for,local_residual_normalized_k50,coverage,0.9291666666666667,0.95,0.02083333333333326,-0.016666666666666607,0.05833333333333335,2000,fixed_difficulty_estimator
nisqa,nisqa_test_for,local_residual_normalized_k50,mean_width,2.91591215133667,2.5962588882520747,-0.3196532630845952,-0.5953362684765316,-0.10067305974895051,2000,fixed_difficulty_estimator
nisqa,nisqa_test_for,local_residual_normalized_k50,mean_interval_score,3.4487399558226266,3.132359609132407,-0.31638034669021975,-0.5799094094647559,-0.06604897453501243,2000,fixed_difficulty_estimator
nisqa,nisqa_test_livetalk,mahalanobis_mondrian,coverage,0.9353448275862069,0.8448275862068966,-0.09051724137931028,-0.19827586206896552,-0.012931034482758674,2000,fixed_difficulty_estimator
nisqa,nisqa_test_livetalk,mahalanobis_mondrian,mean_width,2.91591215133667,2.2013933391406617,-0.7145188121960082,-1.0771561437896613,-0.36729821051503075,2000,fixed_difficulty_estimator
nisqa,nisqa_test_livetalk,mahalanobis_mondrian,mean_interval_score,3.186311047652672,3.0818758853550614,-0.10443516229761052,-0.4258654559994567,0.4958256032960163,2000,fixed_difficulty_estimator
nisqa,nisqa_test_livetalk,predicted_mos_mondrian,coverage,0.9353448275862069,0.9482758620689655,0.012931034482758674,-0.034482758620689724,0.04741379310344829,2000,fixed_difficulty_estimator
nisqa,nisqa_test_livetalk,predicted_mos_mondrian,mean_width,2.91591215133667,3.0031875957702767,0.0872754444336068,-0.1046312256619849,0.35645654887474754,2000,fixed_difficulty_estimator
nisqa,nisqa_test_livetalk,predicted_mos_mondrian,mean_interval_score,3.186311047652672,3.3335742097476433,0.14726316209497137,-0.0789970073720503,0.45853173894615024,2000,fixed_difficulty_estimator
nisqa,nisqa_test_livetalk,mos_extremity_mondrian,coverage,0.9353448275862069,0.9353448275862069,0.0,-0.047413793103448176,0.030172413793103425,2000,fixed_difficulty_estimator
nisqa,nisqa_test_livetalk,mos_extremity_mondrian,mean_width,2.91591215133667,2.894477569851382,-0.021434581485288096,-0.2030303979999032,0.22652714470850976,2000,fixed_difficulty_estimator
nisqa,nisqa_test_livetalk,mos_extremity_mondrian,mean_interval_score,3.186311047652672,3.1998888922148736,0.01357784456220168,-0.09844757822053207,0.39933397566963874,2000,fixed_difficulty_estimator
nisqa,nisqa_test_livetalk,local_residual_mondrian_k10,coverage,0.9353448275862069,0.9525862068965517,0.017241379310344862,-0.030172413793103425,0.0387931034482758,2000,fixed_difficulty_estimator
nisqa,nisqa_test_livetalk,local_residual_mondrian_k10,mean_width,2.91591215133667,2.8850492557574965,-0.030862895579173433,-0.28891552888370814,0.12225214910918232,2000,fixed_difficulty_estimator
nisqa,nisqa_test_livetalk,local_residual_mondrian_k10,mean_interval_score,3.186311047652672,3.2159018136304,0.02959076597772814,-0.11609044224023825,0.316777758531529,2000,fixed_difficulty_estimator
nisqa,nisqa_test_livetalk,local_residual_mondrian_k25,coverage,0.9353448275862069,0.9439655172413793,0.008620689655172487,-0.0431034482758621,0.0387931034482758,2000,fixed_difficulty_estimator
nisqa,nisqa_test_livetalk,local_residual_mondrian_k25,mean_width,2.91591215133667,2.871544304592856,-0.044367846743814,-0.28701361985555995,0.1424743113589696,2000,fixed_difficulty_estimator
nisqa,nisqa_test_livetalk,local_residual_mondrian_k25,mean_interval_score,3.186311047652672,3.2420859100489783,0.05577486239630636,-0.10886108068556598,0.28798531216794016,2000,fixed_difficulty_estimator
nisqa,nisqa_test_livetalk,local_residual_mondrian_k50,coverage,0.9353448275862069,0.9482758620689655,0.012931034482758674,-0.04310344827586199,0.03448275862068961,2000,fixed_difficulty_estimator
nisqa,nisqa_test_livetalk,local_residual_mondrian_k50,mean_width,2.91591215133667,2.881266680257074,-0.034645471079596035,-0.2866771256615375,0.12180271415874858,2000,fixed_difficulty_estimator
nisqa,nisqa_test_livetalk,local_residual_mondrian_k50,mean_interval_score,3.186311047652672,3.258446927728324,0.07213588007565219,-0.091556733564056,0.29157876970952923,2000,fixed_difficulty_estimator
nisqa,nisqa_test_livetalk,local_residual_normalized_k10,coverage,0.9353448275862069,0.9396551724137931,0.004310344827586299,-0.03448275862068961,0.034482758620689724,2000,fixed_difficulty_estimator
nisqa,nisqa_test_livetalk,local_residual_normalized_k10,mean_width,2.91591215133667,2.7680830144065145,-0.14782913693015542,-0.4080003676213732,0.11486079531047345,2000,fixed_difficulty_estimator
nisqa,nisqa_test_livetalk,local_residual_normalized_k10,mean_interval_score,3.186311047652672,3.34291201327068,0.1566009656180083,-0.14092564656858153,0.4833265111119291,2000,fixed_difficulty_estimator
nisqa,nisqa_test_livetalk,local_residual_normalized_k25,coverage,0.9353448275862069,0.9181034482758621,-0.01724137931034475,-0.06034482758620685,0.025862068965517238,2000,fixed_difficulty_estimator
nisqa,nisqa_test_livetalk,local_residual_normalized_k25,mean_width,2.91591215133667,2.8190333830194216,-0.09687876831724829,-0.3478099372451779,0.14209567816570812,2000,fixed_difficulty_estimator
nisqa,nisqa_test_livetalk,local_residual_normalized_k25,mean_interval_score,3.186311047652672,3.3193414393921175,0.13303039173944553,-0.09247911324696724,0.36805503201659723,2000,fixed_difficulty_estimator
nisqa,nisqa_test_livetalk,local_residual_normalized_k50,coverage,0.9353448275862069,0.9439655172413793,0.008620689655172487,-0.034482758620689724,0.03448275862068961,2000,fixed_difficulty_estimator
nisqa,nisqa_test_livetalk,local_residual_normalized_k50,mean_width,2.91591215133667,2.841382659960905,-0.07452949137576503,-0.3247932090595145,0.12385610519589495,2000,fixed_difficulty_estimator
nisqa,nisqa_test_livetalk,local_residual_normalized_k50,mean_interval_score,3.186311047652672,3.2727891815394816,0.0864781338868097,-0.11104405728999961,0.25746365858389636,2000,fixed_difficulty_estimator
nisqa,nisqa_test_p501,mahalanobis_mondrian,coverage,0.9708333333333333,0.9083333333333333,-0.0625,-0.12916666666666665,-0.008333333333333304,2000,fixed_difficulty_estimator
nisqa,nisqa_test_p501,mahalanobis_mondrian,mean_width,2.91591215133667,2.4854439169168474,-0.4304682344198225,-0.6961204473425947,-0.16773288160562516,2000,fixed_difficulty_estimator
nisqa,nisqa_test_p501,mahalanobis_mondrian,mean_interval_score,3.0460790594418845,2.916468741496404,-0.1296103179454806,-0.36360931734243995,0.16064542810122134,2000,fixed_difficulty_estimator
nisqa,nisqa_test_p501,predicted_mos_mondrian,coverage,0.9708333333333333,0.9625,-0.008333333333333304,-0.05833333333333335,0.016666666666666607,2000,fixed_difficulty_estimator
nisqa,nisqa_test_p501,predicted_mos_mondrian,mean_width,2.91591215133667,2.9289586106936136,0.013046459356943707,-0.19633254361649358,0.2572660352289678,2000,fixed_difficulty_estimator
nisqa,nisqa_test_p501,predicted_mos_mondrian,mean_interval_score,3.0460790594418845,3.067945213119189,0.02186615367730438,-0.17450947997470703,0.2740267787128686,2000,fixed_difficulty_estimator
nisqa,nisqa_test_p501,mos_extremity_mondrian,coverage,0.9708333333333333,0.9625,-0.008333333333333304,-0.050000000000000044,0.016666666666666607,2000,fixed_difficulty_estimator
nisqa,nisqa_test_p501,mos_extremity_mondrian,mean_width,2.91591215133667,2.858611688017845,-0.05730046331882477,-0.2572990512351196,0.16680924117565127,2000,fixed_difficulty_estimator
nisqa,nisqa_test_p501,mos_extremity_mondrian,mean_interval_score,3.0460790594418845,3.015936533610026,-0.030142525831858613,-0.19042363882064828,0.21758925728499864,2000,fixed_difficulty_estimator
nisqa,nisqa_test_p501,local_residual_mondrian_k10,coverage,0.9708333333333333,0.975,0.004166666666666652,-0.04999999999999993,0.025000000000000022,2000,fixed_difficulty_estimator
nisqa,nisqa_test_p501,local_residual_mondrian_k10,mean_width,2.91591215133667,2.8475993235905963,-0.06831282774607361,-0.37193439957996205,0.08406865278879748,2000,fixed_difficulty_estimator
nisqa,nisqa_test_p501,local_residual_mondrian_k10,mean_interval_score,3.0460790594418845,2.899838920434316,-0.14624013900756871,-0.36620068103075026,0.0405835914611814,2000,fixed_difficulty_estimator
nisqa,nisqa_test_p501,local_residual_mondrian_k25,coverage,0.9708333333333333,0.9666666666666667,-0.004166666666666652,-0.04583333333333339,0.029166666666666674,2000,fixed_difficulty_estimator
nisqa,nisqa_test_p501,local_residual_mondrian_k25,mean_width,2.91591215133667,2.8311766813198727,-0.08473547001679727,-0.36057703835268806,0.11254087135195724,2000,fixed_difficulty_estimator
nisqa,nisqa_test_p501,local_residual_mondrian_k25,mean_interval_score,3.0460790594418845,2.9020180881023405,-0.144060971339544,-0.36405004312594713,0.06129033443828423,2000,fixed_difficulty_estimator
nisqa,nisqa_test_p501,local_residual_mondrian_k50,coverage,0.9708333333333333,0.9791666666666666,0.008333333333333304,-0.029166666666666674,0.033333333333333326,2000,fixed_difficulty_estimator
nisqa,nisqa_test_p501,local_residual_mondrian_k50,mean_width,2.91591215133667,2.8695473869641623,-0.04636476437250758,-0.3207502126942077,0.18261864329377794,2000,fixed_difficulty_estimator
nisqa,nisqa_test_p501,local_residual_mondrian_k50,mean_interval_score,3.0460790594418845,2.9278139621019363,-0.11826509733994817,-0.33777727633714644,0.10213682534793979,2000,fixed_difficulty_estimator
nisqa,nisqa_test_p501,local_residual_normalized_k10,coverage,0.9708333333333333,0.9625,-0.008333333333333304,-0.05833333333333335,0.029166666666666563,2000,fixed_difficulty_estimator
nisqa,nisqa_test_p501,local_residual_normalized_k10,mean_width,2.91591215133667,2.8651746141471666,-0.05073753718950336,-0.3885168166076793,0.30161130902216104,2000,fixed_difficulty_estimator
nisqa,nisqa_test_p501,local_residual_normalized_k10,mean_interval_score,3.0460790594418845,3.0065140467945097,-0.039565012647374775,-0.33497093566362557,0.2625455256486269,2000,fixed_difficulty_estimator
nisqa,nisqa_test_p501,local_residual_normalized_k25,coverage,0.9708333333333333,0.9625,-0.008333333333333304,-0.054166666666666696,0.029166666666666563,2000,fixed_difficulty_estimator
nisqa,nisqa_test_p501,local_residual_normalized_k25,mean_width,2.91591215133667,2.8539734475312835,-0.061938703805386464,-0.377761939726096,0.2421591920319796,2000,fixed_difficulty_estimator
nisqa,nisqa_test_p501,local_residual_normalized_k25,mean_interval_score,3.0460790594418845,2.9861632050438436,-0.059915854398040924,-0.34773186216532725,0.18334807392196156,2000,fixed_difficulty_estimator
nisqa,nisqa_test_p501,local_residual_normalized_k50,coverage,0.9708333333333333,0.9791666666666666,0.008333333333333304,-0.025000000000000022,0.03749999999999998,2000,fixed_difficulty_estimator
nisqa,nisqa_test_p501,local_residual_normalized_k50,mean_width,2.91591215133667,2.864588245763557,-0.05132390557311295,-0.34909955291842976,0.20531656835696988,2000,fixed_difficulty_estimator
nisqa,nisqa_test_p501,local_residual_normalized_k50,mean_interval_score,3.0460790594418845,2.9360398785313793,-0.11003918091050524,-0.3791582158164806,0.1139679013277993,2000,fixed_difficulty_estimator
utmos,nisqa_val_sim,mahalanobis_mondrian,coverage,0.9312,0.9272,-0.0040000000000000036,-0.02080000000000004,0.014399999999999968,2000,fixed_difficulty_estimator
utmos,nisqa_val_sim,mahalanobis_mondrian,mean_width,2.324647903442383,2.4334354051589964,0.10878750171661355,-0.06645880817413333,0.2034430883073801,2000,fixed_difficulty_estimator
utmos,nisqa_val_sim,mahalanobis_mondrian,mean_interval_score,2.8100205688476563,2.8713809675216675,0.06136039867401122,-0.007818794741630376,0.14696781356811525,2000,fixed_difficulty_estimator
utmos,nisqa_val_sim,predicted_mos_mondrian,coverage,0.9312,0.932,0.0008000000000000229,-0.020000000000000018,0.022399999999999975,2000,fixed_difficulty_estimator
utmos,nisqa_val_sim,predicted_mos_mondrian,mean_width,2.324647903442383,2.425744746017456,0.10109684257507334,-0.08937975418567672,0.20661119212627407,2000,fixed_difficulty_estimator
utmos,nisqa_val_sim,predicted_mos_mondrian,mean_interval_score,2.8100205688476563,2.7787508628845217,-0.03126970596313461,-0.10215083368301386,0.05805716602325435,2000,fixed_difficulty_estimator
utmos,nisqa_val_sim,mos_extremity_mondrian,coverage,0.9312,0.9352,0.0040000000000000036,-0.011199999999999988,0.023219999999999887,2000,fixed_difficulty_estimator
utmos,nisqa_val_sim,mos_extremity_mondrian,mean_width,2.324647903442383,2.425085545539856,0.1004376420974733,-0.032534961147308326,0.21150936125755296,2000,fixed_difficulty_estimator
utmos,nisqa_val_sim,mos_extremity_mondrian,mean_interval_score,2.8100205688476563,2.849463875770569,0.03944330692291276,-0.018305995588302613,0.1320058768558499,2000,fixed_difficulty_estimator
utmos,nisqa_val_sim,local_residual_mondrian_k10,coverage,0.9312,0.9232,-0.008000000000000007,-0.025599999999999956,0.016019999999999902,2000,fixed_difficulty_estimator
utmos,nisqa_val_sim,local_residual_mondrian_k10,mean_width,2.324647903442383,2.364587861251831,0.039939957809448146,-0.1453111488199234,0.16863187020778656,2000,fixed_difficulty_estimator
utmos,nisqa_val_sim,local_residual_mondrian_k10,mean_interval_score,2.8100205688476563,2.8362354499816895,0.026214881134033252,-0.06420924111366241,0.12552527036666872,2000,fixed_difficulty_estimator
utmos,nisqa_val_sim,local_residual_mondrian_k25,coverage,0.9312,0.9432,0.01200000000000001,-0.008799999999999919,0.028000000000000025,2000,fixed_difficulty_estimator
utmos,nisqa_val_sim,local_residual_mondrian_k25,mean_width,2.324647903442383,2.4541021522521973,0.1294542488098145,-0.04393763192653638,0.24085753957748404,2000,fixed_difficulty_estimator
utmos,nisqa_val_sim,local_residual_mondrian_k25,mean_interval_score,2.8100205688476563,2.8560490612030027,0.04602849235534645,-0.041910601902008196,0.14210443306446097,2000,fixed_difficulty_estimator
utmos,nisqa_val_sim,local_residual_mondrian_k50,coverage,0.9312,0.9328,0.0015999999999999348,-0.016000000000000014,0.02400000000000002,2000,fixed_difficulty_estimator
utmos,nisqa_val_sim,local_residual_mondrian_k50,mean_width,2.324647903442383,2.3707708953857423,0.04612299194335945,-0.09627731313228585,0.18959835255622856,2000,fixed_difficulty_estimator
utmos,nisqa_val_sim,local_residual_mondrian_k50,mean_interval_score,2.8100205688476563,2.799554130935669,-0.010466437911987203,-0.056897903318405475,0.10487287505626687,2000,fixed_difficulty_estimator
utmos,nisqa_val_sim,local_residual_normalized_k10,coverage,0.9312,0.9104,-0.02080000000000004,-0.034399999999999986,0.011199999999999988,2000,fixed_difficulty_estimator
utmos,nisqa_val_sim,local_residual_normalized_k10,mean_width,2.324647903442383,2.282900487408847,-0.0417474160335356,-0.2326666956680942,0.11560512278725268,2000,fixed_difficulty_estimator
utmos,nisqa_val_sim,local_residual_normalized_k10,mean_interval_score,2.8100205688476563,2.830778677929463,0.02075810908180653,-0.07876286522394113,0.11270025346877678,2000,fixed_difficulty_estimator
utmos,nisqa_val_sim,local_residual_normalized_k25,coverage,0.9312,0.9312,0.0,-0.010400000000000076,0.0232,2000,fixed_difficulty_estimator
utmos,nisqa_val_sim,local_residual_normalized_k25,mean_width,2.324647903442383,2.324680156320797,3.225287841424063e-05,-0.14994039023817243,0.10694430763842122,2000,fixed_difficulty_estimator
utmos,nisqa_val_sim,local_residual_normalized_k25,mean_interval_score,2.8100205688476563,2.770418245748762,-0.03960232309889422,-0.11126581029896711,0.026123365458569404,2000,fixed_difficulty_estimator
utmos,nisqa_val_sim,local_residual_normalized_k50,coverage,0.9312,0.9328,0.0015999999999999348,-0.012800000000000034,0.02079999999999993,2000,fixed_difficulty_estimator
utmos,nisqa_val_sim,local_residual_normalized_k50,mean_width,2.324647903442383,2.3724192924596346,0.04777138901725175,-0.11655922336715666,0.13161787238984937,2000,fixed_difficulty_estimator
utmos,nisqa_val_sim,local_residual_normalized_k50,mean_interval_score,2.8100205688476563,2.7876944694758055,-0.022326099371850816,-0.09320911346798436,0.02967017747689319,2000,fixed_difficulty_estimator
utmos,nisqa_train_live,mahalanobis_mondrian,coverage,0.8245098039215686,0.8764705882352941,0.05196078431372553,-0.008888038643646309,0.07543329113016885,2000,fixed_difficulty_estimator
utmos,nisqa_train_live,mahalanobis_mondrian,mean_width,2.324647903442383,2.551883015679378,0.2272351122369951,0.011981380397917319,0.3415570109635529,2000,fixed_difficulty_estimator
utmos,nisqa_train_live,mahalanobis_mondrian,mean_interval_score,3.2883144126218906,3.159479572025,-0.12883484059689065,-0.20058662595849505,0.12437332268787724,2000,fixed_difficulty_estimator
utmos,nisqa_train_live,predicted_mos_mondrian,coverage,0.8245098039215686,0.8852941176470588,0.0607843137254902,-0.002921486784413746,0.10738916256157627,2000,fixed_difficulty_estimator
utmos,nisqa_train_live,predicted_mos_mondrian,mean_width,2.324647903442383,2.6157965851765055,0.29114868173412267,0.025867994155349405,0.5248217262422509,2000,fixed_difficulty_estimator
utmos,nisqa_train_live,predicted_mos_mondrian,mean_interval_score,3.2883144126218906,3.2151624319600125,-0.07315198066187811,-0.24089275626343598,0.17825389515045623,2000,fixed_difficulty_estimator
utmos,nisqa_train_live,mos_extremity_mondrian,coverage,0.8245098039215686,0.8362745098039216,0.01176470588235301,-0.05084090547939264,0.06385540565389489,2000,fixed_difficulty_estimator
utmos,nisqa_train_live,mos_extremity_mondrian,mean_width,2.324647903442383,2.4275757623653784,0.10292785892299561,-0.17778878117088573,0.3253099555845634,2000,fixed_difficulty_estimator
utmos,nisqa_train_live,mos_extremity_mondrian,mean_interval_score,3.2883144126218906,3.2818630688330708,-0.006451343788819841,-0.15971816689673188,0.33094383079788026,2000,fixed_difficulty_estimator
utmos,nisqa_train_live,local_residual_mondrian_k10,coverage,0.8245098039215686,0.7745098039215687,-0.04999999999999993,-0.12794538054311824,-0.005922563757763227,2000,fixed_difficulty_estimator
utmos,nisqa_train_live,local_residual_mondrian_k10,mean_width,2.324647903442383,2.114805821811452,-0.209842081630931,-0.44700112776758805,-0.011726998865387115,2000,fixed_difficulty_estimator
utmos,nisqa_train_live,local_residual_mondrian_k10,mean_interval_score,3.2883144126218906,3.5407813759411084,0.2524669633192178,0.04379141790714136,0.5967003665558276,2000,fixed_difficulty_estimator
utmos,nisqa_train_live,local_residual_mondrian_k25,coverage,0.8245098039215686,0.8117647058823529,-0.012745098039215641,-0.08465770759819402,0.016619012707722366,2000,fixed_difficulty_estimator
utmos,nisqa_train_live,local_residual_mondrian_k25,mean_width,2.324647903442383,2.2432238176757213,-0.08142408576666149,-0.33143120761712513,0.08177549359710326,2000,fixed_difficulty_estimator
utmos,nisqa_train_live,local_residual_mondrian_k25,mean_interval_score,3.2883144126218906,3.336732711044012,0.04841829842212153,-0.054752536850210545,0.36861905922824095,2000,fixed_difficulty_estimator
utmos,nisqa_train_live,local_residual_mondrian_k50,coverage,0.8245098039215686,0.807843137254902,-0.016666666666666607,-0.0892270095172572,0.023733477835862007,2000,fixed_difficulty_estimator
utmos,nisqa_train_live,local_residual_mondrian_k50,mean_width,2.324647903442383,2.1883702731599994,-0.13627763028238338,-0.38006677271772604,0.041326407883191314,2000,fixed_difficulty_estimator
utmos,nisqa_train_live,local_residual_mondrian_k50,mean_interval_score,3.2883144126218906,3.3950379815756104,0.10672356895371982,-0.0765873203493328,0.4933043934149303,2000,fixed_difficulty_estimator
utmos,nisqa_train_live,local_residual_normalized_k10,coverage,0.8245098039215686,0.703921568627451,-0.12058823529411755,-0.1666707556427871,-0.07646498188718301,2000,fixed_difficulty_estimator
utmos,nisqa_train_live,local_residual_normalized_k10,mean_width,2.324647903442383,1.9066804411221854,-0.41796746232019744,-0.603574779308853,-0.275621678927819,2000,fixed_difficulty_estimator
utmos,nisqa_train_live,local_residual_normalized_k10,mean_interval_score,3.2883144126218906,3.9039795385357965,0.6156651259139059,0.38422381024844965,0.8089972949829944,2000,fixed_difficulty_estimator
utmos,nisqa_train_live,local_residual_normalized_k25,coverage,0.8245098039215686,0.7715686274509804,-0.05294117647058816,-0.08913267890492022,-0.021465528211377198,2000,fixed_difficulty_estimator
utmos,nisqa_train_live,local_residual_normalized_k25,mean_width,2.324647903442383,2.081634543869692,-0.24301335957269066,-0.39985096806312986,-0.1463461747687646,2000,fixed_difficulty_estimator
utmos,nisqa_train_live,local_residual_normalized_k25,mean_interval_score,3.2883144126218906,3.4398641003668584,0.1515496877449678,0.020402547070435473,0.29895718148578115,2000,fixed_difficulty_estimator
utmos,nisqa_train_live,local_residual_normalized_k50,coverage,0.8245098039215686,0.796078431372549,-0.028431372549019618,-0.07229295712822509,-0.012769824223833671,2000,fixed_difficulty_estimator
utmos,nisqa_train_live,local_residual_normalized_k50,mean_width,2.324647903442383,2.1616453699864184,-0.16300253345596438,-0.3224742483624676,-0.09072687578092212,2000,fixed_difficulty_estimator
utmos,nisqa_train_live,local_residual_normalized_k50,mean_interval_score,3.2883144126218906,3.431508640892856,0.1431942282709655,0.0651893893383855,0.29727879987523037,2000,fixed_difficulty_estimator
utmos,nisqa_val_live,mahalanobis_mondrian,coverage,0.795,0.85,0.05499999999999994,-0.010051520227399666,0.09098784878487809,2000,fixed_difficulty_estimator
utmos,nisqa_val_live,mahalanobis_mondrian,mean_width,2.324647903442383,2.5543258810043334,0.22967797756195063,0.0034715131223200914,0.35306474343924565,2000,fixed_difficulty_estimator
utmos,nisqa_val_live,mahalanobis_mondrian,mean_interval_score,3.536899650096893,3.3949314737319947,-0.14196817636489856,-0.27481946127733514,0.21668869640509633,2000,fixed_difficulty_estimator
utmos,nisqa_val_live,predicted_mos_mondrian,coverage,0.795,0.85,0.05499999999999994,-0.0050000000000000044,0.13001633165829138,2000,fixed_difficulty_estimator
utmos,nisqa_val_live,predicted_mos_mondrian,mean_width,2.324647903442383,2.628508460521698,0.30386055707931536,0.019383537385264098,0.5358662333767017,2000,fixed_difficulty_estimator
utmos,nisqa_val_live,predicted_mos_mondrian,mean_interval_score,3.536899650096893,3.371345853805542,-0.16555379629135114,-0.4107773922795626,0.19991572500120358,2000,fixed_difficulty_estimator
utmos,nisqa_val_live,mos_extremity_mondrian,coverage,0.795,0.805,0.010000000000000009,-0.06030150753768848,0.08040201005025116,2000,fixed_difficulty_estimator
utmos,nisqa_val_live,mos_extremity_mondrian,mean_width,2.324647903442383,2.423914473056793,0.09926656961441038,-0.19999140489220332,0.3248588582689137,2000,fixed_difficulty_estimator
utmos,nisqa_val_live,mos_extremity_mondrian,mean_interval_score,3.536899650096893,3.523433117866516,-0.013466532230377304,-0.26020423947584514,0.4194754096307965,2000,fixed_difficulty_estimator
utmos,nisqa_val_live,local_residual_mondrian_k10,coverage,0.795,0.75,-0.04500000000000004,-0.11332867681297941,0.005050505050504975,2000,fixed_difficulty_estimator
utmos,nisqa_val_live,local_residual_mondrian_k10,mean_width,2.324647903442383,2.086789025068283,-0.2378588783740998,-0.501200362254138,-0.025492631854103952,2000,fixed_difficulty_estimator
utmos,nisqa_val_live,local_residual_mondrian_k10,mean_interval_score,3.536899650096893,3.8556651961803436,0.3187655460834504,0.03232722771701524,0.7306757681903858,2000,fixed_difficulty_estimator
utmos,nisqa_val_live,local_residual_mondrian_k25,coverage,0.795,0.78,-0.015000000000000013,-0.0707597822889084,0.03980099502487555,2000,fixed_difficulty_estimator
utmos,nisqa_val_live,local_residual_mondrian_k25,mean_width,2.324647903442383,2.230855555534363,-0.09379234790801982,-0.36111395561261256,0.08175570033545508,2000,fixed_difficulty_estimator
utmos,nisqa_val_live,local_residual_mondrian_k25,mean_interval_score,3.536899650096893,3.6175157856941222,0.08061613559722902,-0.09568374989888064,0.5177567464047101,2000,fixed_difficulty_estimator
utmos,nisqa_val_live,local_residual_mondrian_k50,coverage,0.795,0.77,-0.025000000000000022,-0.08088147484699215,0.035454918644573265,2000,fixed_difficulty_estimator
utmos,nisqa_val_live,local_residual_mondrian_k50,mean_width,2.324647903442383,2.1974024677276613,-0.12724543571472147,-0.391136956370539,0.04188515712298324,2000,fixed_difficulty_estimator
utmos,nisqa_val_live,local_residual_mondrian_k50,mean_interval_score,3.536899650096893,3.6193544054031372,0.08245475530624402,-0.19497901883928898,0.5187330501366088,2000,fixed_difficulty_estimator
utmos,nisqa_val_live,local_residual_normalized_k10,coverage,0.795,0.7,-0.09500000000000008,-0.16417910447761186,-0.050000000000000044,2000,fixed_difficulty_estimator
utmos,nisqa_val_live,local_residual_normalized_k10,mean_width,2.324647903442383,1.8412252346140008,-0.48342266882838203,-0.6820234317383981,-0.3466633794852647,2000,fixed_difficulty_estimator
utmos,nisqa_val_live,local_residual_normalized_k10,mean_interval_score,3.536899650096893,4.275098625401978,0.7381989753050848,0.3472601375911231,1.1466238315508517,2000,fixed_difficulty_estimator
utmos,nisqa_val_live,local_residual_normalized_k25,coverage,0.795,0.765,-0.030000000000000027,-0.085427135678392,0.0,2000,fixed_difficulty_estimator
utmos,nisqa_val_live,local_residual_normalized_k25,mean_width,2.324647903442383,2.0759808906331103,-0.2486670128092725,-0.4071264784340975,-0.15423406933250972,2000,fixed_difficulty_estimator
utmos,nisqa_val_live,local_residual_normalized_k25,mean_interval_score,3.536899650096893,3.7874575188506925,0.25055786875379926,0.06031711460163889,0.49196377693154225,2000,fixed_difficulty_estimator
utmos,nisqa_val_live,local_residual_normalized_k50,coverage,0.795,0.765,-0.030000000000000027,-0.07070707070707061,0.005025125628140725,2000,fixed_difficulty_estimator
utmos,nisqa_val_live,local_residual_normalized_k50,mean_width,2.324647903442383,2.1570960903356684,-0.1675518131067144,-0.3301035149281033,-0.08914556555370384,2000,fixed_difficulty_estimator
utmos,nisqa_val_live,local_residual_normalized_k50,mean_interval_score,3.536899650096893,3.6653732408544797,0.12847359075758646,0.017458631437997408,0.3541122990092492,2000,fixed_difficulty_estimator
utmos,nisqa_test_for,mahalanobis_mondrian,coverage,0.9333333333333333,0.9375,0.004166666666666652,-0.033333333333333326,0.029166666666666674,2000,fixed_difficulty_estimator
utmos,nisqa_test_for,mahalanobis_mondrian,mean_width,2.324647903442383,2.4123329261938733,0.08768502275149048,-0.12973989680409415,0.2459762048969663,2000,fixed_difficulty_estimator
utmos,nisqa_test_for,mahalanobis_mondrian,mean_interval_score,2.656517485777537,2.737976376215617,0.08145889043808019,-0.06431423604488364,0.26439052922030293,2000,fixed_difficulty_estimator
utmos,nisqa_test_for,predicted_mos_mondrian,coverage,0.9333333333333333,0.9541666666666667,0.02083333333333337,0.0,0.04999999999999993,2000,fixed_difficulty_estimator
utmos,nisqa_test_for,predicted_mos_mondrian,mean_width,2.324647903442383,2.6408401121695837,0.3161922087272009,0.10411171366771065,0.5357785817484059,2000,fixed_difficulty_estimator
utmos,nisqa_test_for,predicted_mos_mondrian,mean_interval_score,2.656517485777537,2.845110743244489,0.1885932574669522,-0.013333808605869756,0.42669040833910304,2000,fixed_difficulty_estimator
utmos,nisqa_test_for,mos_extremity_mondrian,coverage,0.9333333333333333,0.9333333333333333,0.0,-0.02499999999999991,0.029166666666666674,2000,fixed_difficulty_estimator
utmos,nisqa_test_for,mos_extremity_mondrian,mean_width,2.324647903442383,2.3885170648495357,0.06386916140715293,-0.10061589116851496,0.1859628959248462,2000,fixed_difficulty_estimator
utmos,nisqa_test_for,mos_extremity_mondrian,mean_interval_score,2.656517485777537,2.6892506112655004,0.03273312548796348,-0.07327961727976809,0.1562465595950684,2000,fixed_difficulty_estimator
utmos,nisqa_test_for,local_residual_mondrian_k10,coverage,0.9333333333333333,0.9333333333333333,0.0,-0.033333333333333326,0.029166666666666674,2000,fixed_difficulty_estimator
utmos,nisqa_test_for,local_residual_mondrian_k10,mean_width,2.324647903442383,2.2914251744747163,-0.03322272896766654,-0.23254819609224797,0.1210130911817155,2000,fixed_difficulty_estimator
utmos,nisqa_test_for,local_residual_mondrian_k10,mean_interval_score,2.656517485777537,2.6972575545310975,0.04074006875356062,-0.1316828965147337,0.2425876193990309,2000,fixed_difficulty_estimator
utmos,nisqa_test_for,local_residual_mondrian_k25,coverage,0.9333333333333333,0.9458333333333333,0.012499999999999956,-0.024999999999999915,0.033333333333333326,2000,fixed_difficulty_estimator
utmos,nisqa_test_for,local_residual_mondrian_k25,mean_width,2.324647903442383,2.4004711429278056,0.0758232394854228,-0.12345644404490771,0.19528459633390083,2000,fixed_difficulty_estimator
utmos,nisqa_test_for,local_residual_mondrian_k25,mean_interval_score,2.656517485777537,2.6822116593519847,0.02569417357444781,-0.08255492359399784,0.19419922662277994,2000,fixed_difficulty_estimator
utmos,nisqa_test_for,local_residual_mondrian_k50,coverage,0.9333333333333333,0.9541666666666667,0.02083333333333337,-0.02083333333333337,0.03749999999999998,2000,fixed_difficulty_estimator
utmos,nisqa_test_for,local_residual_mondrian_k50,mean_width,2.324647903442383,2.3595765749613444,0.03492867151896162,-0.11763735207418621,0.1865899860858917,2000,fixed_difficulty_estimator
utmos,nisqa_test_for,local_residual_mondrian_k50,mean_interval_score,2.656517485777537,2.6587406714757282,0.0022231856981913545,-0.0951725040376187,0.17760842998822515,2000,fixed_difficulty_estimator
utmos,nisqa_test_for,local_residual_normalized_k10,coverage,0.9333333333333333,0.9291666666666667,-0.004166666666666652,-0.03749999999999998,0.029166666666666674,2000,fixed_difficulty_estimator
utmos,nisqa_test_for,local_residual_normalized_k10,mean_width,2.324647903442383,2.177461638454928,-0.14718626498745468,-0.35528555882003626,0.026526356519204444,2000,fixed_difficulty_estimator
utmos,nisqa_test_for,local_residual_normalized_k10,mean_interval_score,2.656517485777537,2.733201167335245,0.0766836815577081,-0.1628001163107044,0.33154244008341777,2000,fixed_difficulty_estimator
utmos,nisqa_test_for,local_residual_normalized_k25,coverage,0.9333333333333333,0.9291666666666667,-0.004166666666666652,-0.029166666666666674,0.020937499999999467,2000,fixed_difficulty_estimator
utmos,nisqa_test_for,local_residual_normalized_k25,mean_width,2.324647903442383,2.2902558890264166,-0.03439201441596618,-0.19777705541945195,0.07819464330351748,2000,fixed_difficulty_estimator
utmos,nisqa_test_for,local_residual_normalized_k25,mean_interval_score,2.656517485777537,2.6563950942292527,-0.0001223915482841953,-0.12267769311960089,0.1032266024409983,2000,fixed_difficulty_estimator
utmos,nisqa_test_for,local_residual_normalized_k50,coverage,0.9333333333333333,0.9458333333333333,0.012499999999999956,-0.012500000000000067,0.03749999999999998,2000,fixed_difficulty_estimator
utmos,nisqa_test_for,local_residual_normalized_k50,mean_width,2.324647903442383,2.3616179466691807,0.036970043226797866,-0.13503235889204457,0.13421734460197482,2000,fixed_difficulty_estimator
utmos,nisqa_test_for,local_residual_normalized_k50,mean_interval_score,2.656517485777537,2.6734019773082633,0.016884491530726464,-0.10371804093875069,0.11094754284945418,2000,fixed_difficulty_estimator
utmos,nisqa_test_livetalk,mahalanobis_mondrian,coverage,0.6681034482758621,0.7586206896551724,0.09051724137931028,-0.012931034482758563,0.13793103448275867,2000,fixed_difficulty_estimator
utmos,nisqa_test_livetalk,mahalanobis_mondrian,mean_width,2.324647903442383,2.568612490234704,0.24396458679232103,-0.0024491282115720334,0.3851531314952617,2000,fixed_difficulty_estimator
utmos,nisqa_test_livetalk,mahalanobis_mondrian,mean_interval_score,4.3613162431223635,4.019932480721638,-0.3413837624007252,-0.5973100299722162,0.2767178467635448,2000,fixed_difficulty_estimator
utmos,nisqa_test_livetalk,predicted_mos_mondrian,coverage,0.6681034482758621,0.8017241379310345,0.13362068965517238,0.030172413793103533,0.1724137931034483,2000,fixed_difficulty_estimator
utmos,nisqa_test_livetalk,predicted_mos_mondrian,mean_width,2.324647903442383,2.6689187483540895,0.3442708449117067,0.1285822275126803,0.5851973480705558,2000,fixed_difficulty_estimator
utmos,nisqa_test_livetalk,predicted_mos_mondrian,mean_interval_score,4.3613162431223635,3.7620990307166657,-0.5992172124056978,-0.948216792247419,-0.09096803608639513,2000,fixed_difficulty_estimator
utmos,nisqa_test_livetalk,mos_extremity_mondrian,coverage,0.6681034482758621,0.7112068965517241,0.04310344827586199,-0.030172413793103425,0.09051724137931039,2000,fixed_difficulty_estimator
utmos,nisqa_test_livetalk,mos_extremity_mondrian,mean_width,2.324647903442383,2.400062925856689,0.07541502241430598,-0.10160646006978796,0.2299413562591731,2000,fixed_difficulty_estimator
utmos,nisqa_test_livetalk,mos_extremity_mondrian,mean_interval_score,4.3613162431223635,4.187857312375102,-0.1734589307472616,-0.4585913093439466,0.2685989277630008,2000,fixed_difficulty_estimator
utmos,nisqa_test_livetalk,local_residual_mondrian_k10,coverage,0.6681034482758621,0.6422413793103449,-0.025862068965517238,-0.11637931034482762,0.04741379310344829,2000,fixed_difficulty_estimator
utmos,nisqa_test_livetalk,local_residual_mondrian_k10,mean_width,2.324647903442383,2.212320284596805,-0.11232761884557796,-0.32474634899147614,0.07176921562901861,2000,fixed_difficulty_estimator
utmos,nisqa_test_livetalk,local_residual_mondrian_k10,mean_interval_score,4.3613162431223635,4.7937293977573,0.43241315463493635,-0.038620794641560936,1.059706615219856,2000,fixed_difficulty_estimator
utmos,nisqa_test_livetalk,local_residual_mondrian_k25,coverage,0.6681034482758621,0.7025862068965517,0.03448275862068961,-0.06465517241379304,0.09051724137931039,2000,fixed_difficulty_estimator
utmos,nisqa_test_livetalk,local_residual_mondrian_k25,mean_width,2.324647903442383,2.340153484508909,0.015505581066526108,-0.20950537172370964,0.14912470568870664,2000,fixed_difficulty_estimator
utmos,nisqa_test_livetalk,local_residual_mondrian_k25,mean_interval_score,4.3613162431223635,4.381537127083745,0.020220883961381553,-0.24097916383681667,0.6617026322874525,2000,fixed_difficulty_estimator
utmos,nisqa_test_livetalk,local_residual_mondrian_k50,coverage,0.6681034482758621,0.7025862068965517,0.03448275862068961,-0.034482758620689724,0.10344827586206895,2000,fixed_difficulty_estimator
utmos,nisqa_test_livetalk,local_residual_mondrian_k50,mean_width,2.324647903442383,2.3333612146048712,0.008713311162488413,-0.14965950751612905,0.17053497151054162,2000,fixed_difficulty_estimator
utmos,nisqa_test_livetalk,local_residual_mondrian_k50,mean_interval_score,4.3613162431223635,4.214560806751251,-0.14675543637111232,-0.4844844746692426,0.2897089202085442,2000,fixed_difficulty_estimator
utmos,nisqa_test_livetalk,local_residual_normalized_k10,coverage,0.6681034482758621,0.6163793103448276,-0.051724137931034475,-0.14655172413793105,0.017241379310344862,2000,fixed_difficulty_estimator
utmos,nisqa_test_livetalk,local_residual_normalized_k10,mean_width,2.324647903442383,2.082566049522308,-0.24208185392007486,-0.45679585521342947,-0.07822247957766133,2000,fixed_difficulty_estimator
utmos,nisqa_test_livetalk,local_residual_normalized_k10,mean_interval_score,4.3613162431223635,5.252372493578767,0.891056250456403,0.423138499652132,1.4462663907269306,2000,fixed_difficulty_estimator
utmos,nisqa_test_livetalk,local_residual_normalized_k25,coverage,0.6681034482758621,0.6681034482758621,0.0,-0.08620689655172409,0.051724137931034475,2000,fixed_difficulty_estimator
utmos,nisqa_test_livetalk,local_residual_normalized_k25,mean_width,2.324647903442383,2.2034491643182617,-0.12119873912412116,-0.2808566286520716,0.0007824081789606703,2000,fixed_difficulty_estimator
utmos,nisqa_test_livetalk,local_residual_normalized_k25,mean_interval_score,4.3613162431223635,4.627973834241318,0.26665759111895415,-0.0886069432437564,0.6965397192472887,2000,fixed_difficulty_estimator
utmos,nisqa_test_livetalk,local_residual_normalized_k50,coverage,0.6681034482758621,0.7068965517241379,0.0387931034482758,-0.04741379310344829,0.07758620689655171,2000,fixed_difficulty_estimator
utmos,nisqa_test_livetalk,local_residual_normalized_k50,mean_width,2.324647903442383,2.3246443867252546,-3.516717128171365e-06,-0.1751607789793638,0.09031553681680149,2000,fixed_difficulty_estimator
utmos,nisqa_test_livetalk,local_residual_normalized_k50,mean_interval_score,4.3613162431223635,4.1990635068797095,-0.16225273624265402,-0.4611718741309903,0.23188295409543278,2000,fixed_difficulty_estimator
utmos,nisqa_test_p501,mahalanobis_mondrian,coverage,0.925,0.9541666666666667,0.029166666666666674,-0.025000000000000022,0.054166666666666585,2000,fixed_difficulty_estimator
utmos,nisqa_test_p501,mahalanobis_mondrian,mean_width,2.324647903442383,2.517441224058469,0.19279332061608612,-0.03455422903100641,0.322651547541221,2000,fixed_difficulty_estimator
utmos,nisqa_test_p501,mahalanobis_mondrian,mean_interval_score,2.5766392250855765,2.721220643321673,0.1445814182360965,-0.020577278484900582,0.3205435251196223,2000,fixed_difficulty_estimator
utmos,nisqa_test_p501,predicted_mos_mondrian,coverage,0.925,0.9208333333333333,-0.004166666666666763,-0.05833333333333335,0.02927083333333277,2000,fixed_difficulty_estimator
utmos,nisqa_test_p501,predicted_mos_mondrian,mean_width,2.324647903442383,2.401692117253939,0.07704421381155635,-0.14408161297440525,0.2053145452340444,2000,fixed_difficulty_estimator
utmos,nisqa_test_p501,predicted_mos_mondrian,mean_interval_score,2.5766392250855765,2.66954476137956,0.09290553629398346,-0.04826784106592311,0.278307854409019,2000,fixed_difficulty_estimator
utmos,nisqa_test_p501,mos_extremity_mondrian,coverage,0.925,0.9416666666666667,0.016666666666666607,-0.02083333333333337,0.04583333333333328,2000,fixed_difficulty_estimator
utmos,nisqa_test_p501,mos_extremity_mondrian,mean_width,2.324647903442383,2.3938171356916427,0.06916923224925986,-0.09594645254313958,0.1807355964432158,2000,fixed_difficulty_estimator
utmos,nisqa_test_p501,mos_extremity_mondrian,mean_interval_score,2.5766392250855765,2.5793315658966702,0.0026923408110937075,-0.10963111634055779,0.1868345432480174,2000,fixed_difficulty_estimator
utmos,nisqa_test_p501,local_residual_mondrian_k10,coverage,0.925,0.9125,-0.012500000000000067,-0.05833333333333335,0.016666666666666607,2000,fixed_difficulty_estimator
utmos,nisqa_test_p501,local_residual_mondrian_k10,mean_width,2.324647903442383,2.242866799235344,-0.08178110420703888,-0.27970541993776954,0.06385053286949781,2000,fixed_difficulty_estimator
utmos,nisqa_test_p501,local_residual_mondrian_k10,mean_interval_score,2.5766392250855765,2.617676372329394,0.04103714724381735,-0.11776579601069288,0.18827999937037643,2000,fixed_difficulty_estimator
utmos,nisqa_test_p501,local_residual_mondrian_k25,coverage,0.925,0.9416666666666667,0.016666666666666607,-0.03749999999999998,0.033333333333333326,2000,fixed_difficulty_estimator
utmos,nisqa_test_p501,local_residual_mondrian_k25,mean_width,2.324647903442383,2.3401720404624937,0.015524137020110906,-0.2023909059911965,0.15246872233847766,2000,fixed_difficulty_estimator
utmos,nisqa_test_p501,local_residual_mondrian_k25,mean_interval_score,2.5766392250855765,2.588497308890025,0.011858083804448416,-0.12633802366753455,0.17481097439924853,2000,fixed_difficulty_estimator
utmos,nisqa_test_p501,local_residual_mondrian_k50,coverage,0.925,0.9541666666666667,0.029166666666666674,-0.02083333333333337,0.050000000000000044,2000,fixed_difficulty_estimator
utmos,nisqa_test_p501,local_residual_mondrian_k50,mean_width,2.324647903442383,2.357321586211522,0.0326736827691394,-0.12479669031997505,0.17062534073988592,2000,fixed_difficulty_estimator
utmos,nisqa_test_p501,local_residual_mondrian_k50,mean_interval_score,2.5766392250855765,2.543792035182317,-0.03284718990325963,-0.11324276310702186,0.1318155467013516,2000,fixed_difficulty_estimator
utmos,nisqa_test_p501,local_residual_normalized_k10,coverage,0.925,0.8875,-0.03750000000000009,-0.08333333333333326,0.004166666666666652,2000,fixed_difficulty_estimator
utmos,nisqa_test_p501,local_residual_normalized_k10,mean_width,2.324647903442383,2.1263208467302017,-0.1983270567121811,-0.40149753648238046,-0.02927920979937039,2000,fixed_difficulty_estimator
utmos,nisqa_test_p501,local_residual_normalized_k10,mean_interval_score,2.5766392250855765,2.6078666448624923,0.031227419776915788,-0.16968939483292433,0.2241538990469498,2000,fixed_difficulty_estimator
utmos,nisqa_test_p501,local_residual_normalized_k25,coverage,0.925,0.9208333333333333,-0.004166666666666763,-0.04583333333333328,0.024999999999999915,2000,fixed_difficulty_estimator
utmos,nisqa_test_p501,local_residual_normalized_k25,mean_width,2.324647903442383,2.2072038283278923,-0.11744407511449051,-0.28442219728009766,-0.002056129495546295,2000,fixed_difficulty_estimator
utmos,nisqa_test_p501,local_residual_normalized_k25,mean_interval_score,2.5766392250855765,2.5124218434912033,-0.06421738159437318,-0.18868905934169158,0.04544096772589541,2000,fixed_difficulty_estimator
utmos,nisqa_test_p501,local_residual_normalized_k50,coverage,0.925,0.9583333333333334,0.033333333333333326,-0.012499999999999956,0.054166666666666696,2000,fixed_difficulty_estimator
utmos,nisqa_test_p501,local_residual_normalized_k50,mean_width,2.324647903442383,2.3379387573975325,0.013290853955149728,-0.15522111147185222,0.11622428969182207,2000,fixed_difficulty_estimator
utmos,nisqa_test_p501,local_residual_normalized_k50,mean_interval_score,2.5766392250855765,2.566294263040225,-0.010344962045351735,-0.1359290433523923,0.07965988537770748,2000,fixed_difficulty_estimator
