model,task,dataset,score,n,positive_rate,auroc_prespecified_direction,auroc_direction_free_diagnostic,preferred_direction
dnsmos,within_domain_top_quartile,nisqa_val_sim,mahalanobis,1250,0.2504,0.4404615368878311,0.5595384631121689,higher_score_lower_error
dnsmos,within_domain_top_quartile,nisqa_val_sim,l2,1250,0.2504,0.4526921280273867,0.5473078719726133,higher_score_lower_error
dnsmos,within_domain_top_quartile,nisqa_val_sim,knn,1250,0.2504,0.43847027253725945,0.5615297274627405,higher_score_lower_error
dnsmos,within_domain_top_quartile,nisqa_val_sim,mos_extremity,1250,0.2504,0.4774499541395454,0.5225500458604546,higher_score_lower_error
dnsmos,within_domain_top_quartile,nisqa_train_live,mahalanobis,1020,0.25,0.5494912213251313,0.5494912213251313,higher_score_higher_error
dnsmos,within_domain_top_quartile,nisqa_train_live,l2,1020,0.25,0.5703037293348713,0.5703037293348713,higher_score_higher_error
dnsmos,within_domain_top_quartile,nisqa_train_live,knn,1020,0.25,0.5414020248622324,0.5414020248622324,higher_score_higher_error
dnsmos,within_domain_top_quartile,nisqa_train_live,mos_extremity,1020,0.25,0.5686684608483916,0.5686684608483916,higher_score_higher_error
dnsmos,within_domain_top_quartile,nisqa_val_live,mahalanobis,200,0.25,0.48733333333333334,0.5126666666666666,higher_score_lower_error
dnsmos,within_domain_top_quartile,nisqa_val_live,l2,200,0.25,0.46119999999999994,0.5388000000000001,higher_score_lower_error
dnsmos,within_domain_top_quartile,nisqa_val_live,knn,200,0.25,0.48066666666666663,0.5193333333333334,higher_score_lower_error
dnsmos,within_domain_top_quartile,nisqa_val_live,mos_extremity,200,0.25,0.5145333333333333,0.5145333333333333,higher_score_higher_error
dnsmos,within_domain_top_quartile,nisqa_test_for,mahalanobis,240,0.25,0.36,0.64,higher_score_lower_error
dnsmos,within_domain_top_quartile,nisqa_test_for,l2,240,0.25,0.3238888888888889,0.6761111111111111,higher_score_lower_error
dnsmos,within_domain_top_quartile,nisqa_test_for,knn,240,0.25,0.40990740740740744,0.5900925925925926,higher_score_lower_error
dnsmos,within_domain_top_quartile,nisqa_test_for,mos_extremity,240,0.25,0.34351851851851856,0.6564814814814814,higher_score_lower_error
dnsmos,within_domain_top_quartile,nisqa_test_livetalk,mahalanobis,232,0.25,0.5129805786761792,0.5129805786761792,higher_score_higher_error
dnsmos,within_domain_top_quartile,nisqa_test_livetalk,l2,232,0.25,0.46551724137931033,0.5344827586206897,higher_score_lower_error
dnsmos,within_domain_top_quartile,nisqa_test_livetalk,knn,232,0.25,0.4247919143876338,0.5752080856123662,higher_score_lower_error
dnsmos,within_domain_top_quartile,nisqa_test_livetalk,mos_extremity,232,0.25,0.439556084026952,0.560443915973048,higher_score_lower_error
dnsmos,within_domain_top_quartile,nisqa_test_p501,mahalanobis,240,0.25,0.4274074074074074,0.5725925925925925,higher_score_lower_error
dnsmos,within_domain_top_quartile,nisqa_test_p501,l2,240,0.25,0.339537037037037,0.660462962962963,higher_score_lower_error
dnsmos,within_domain_top_quartile,nisqa_test_p501,knn,240,0.25,0.44305555555555554,0.5569444444444445,higher_score_lower_error
dnsmos,within_domain_top_quartile,nisqa_test_p501,mos_extremity,240,0.25,0.43287037037037035,0.5671296296296297,higher_score_lower_error
dnsmos,pooled_top_quartile,all,mahalanobis,3182,0.2501571338780641,0.3857705333035673,0.6142294666964327,higher_score_lower_error
dnsmos,pooled_top_quartile,all,l2,3182,0.2501571338780641,0.4157285800334447,0.5842714199665553,higher_score_lower_error
dnsmos,pooled_top_quartile,all,knn,3182,0.2501571338780641,0.37124958404764813,0.6287504159523518,higher_score_lower_error
dnsmos,pooled_top_quartile,all,mos_extremity,3182,0.2501571338780641,0.42743158373594714,0.5725684162640529,higher_score_lower_error
dnsmos,balanced_pooled_top_quartile,all,mahalanobis,3182,0.2501571338780641,0.39338295677925855,0.6066170432207414,higher_score_lower_error
dnsmos,balanced_pooled_top_quartile,all,l2,3182,0.2501571338780641,0.40235885482081113,0.5976411451791889,higher_score_lower_error
dnsmos,balanced_pooled_top_quartile,all,knn,3182,0.2501571338780641,0.37478348811547896,0.625216511884521,higher_score_lower_error
dnsmos,balanced_pooled_top_quartile,all,mos_extremity,3182,0.2501571338780641,0.4185119421271666,0.5814880578728334,higher_score_lower_error
dnsmos,pooled_abs_error_gt_0.5,all,mahalanobis,3182,0.5238843494657448,0.43611594512780616,0.5638840548721938,higher_score_lower_error
dnsmos,pooled_abs_error_gt_0.5,all,l2,3182,0.5238843494657448,0.47510854264790603,0.524891457352094,higher_score_lower_error
dnsmos,pooled_abs_error_gt_0.5,all,knn,3182,0.5238843494657448,0.42561230328191785,0.5743876967180821,higher_score_lower_error
dnsmos,pooled_abs_error_gt_0.5,all,mos_extremity,3182,0.5238843494657448,0.48543321038762544,0.5145667896123746,higher_score_lower_error
dnsmos,pooled_abs_error_gt_0.75,all,mahalanobis,3182,0.33406662476429916,0.40509532310142926,0.5949046768985707,higher_score_lower_error
dnsmos,pooled_abs_error_gt_0.75,all,l2,3182,0.33406662476429916,0.44132578200992056,0.5586742179900794,higher_score_lower_error
dnsmos,pooled_abs_error_gt_0.75,all,knn,3182,0.33406662476429916,0.3913088452504043,0.6086911547495957,higher_score_lower_error
dnsmos,pooled_abs_error_gt_0.75,all,mos_extremity,3182,0.33406662476429916,0.45723545913712654,0.5427645408628734,higher_score_lower_error
dnsmos,pooled_abs_error_gt_1,all,mahalanobis,3182,0.19264613450659962,0.3824473884570519,0.6175526115429482,higher_score_lower_error
dnsmos,pooled_abs_error_gt_1,all,l2,3182,0.19264613450659962,0.40572340434989396,0.594276595650106,higher_score_lower_error
dnsmos,pooled_abs_error_gt_1,all,knn,3182,0.19264613450659962,0.3636163899220026,0.6363836100779974,higher_score_lower_error
dnsmos,pooled_abs_error_gt_1,all,mos_extremity,3182,0.19264613450659962,0.411104415362742,0.588895584637258,higher_score_lower_error
dnsmos,pooled_standardized_error_top_quartile,all,mahalanobis,3182,0.2501571338780641,0.47951934862914736,0.5204806513708526,higher_score_lower_error
dnsmos,pooled_standardized_error_top_quartile,all,l2,3182,0.2501571338780641,0.5023267005606407,0.5023267005606407,higher_score_higher_error
dnsmos,pooled_standardized_error_top_quartile,all,knn,3182,0.2501571338780641,0.44850246622888124,0.5514975337711188,higher_score_lower_error
dnsmos,pooled_standardized_error_top_quartile,all,mos_extremity,3182,0.2501571338780641,0.5017133024721259,0.5017133024721259,higher_score_higher_error
dnsmos,pooled_outside_subjective_95ci,all,mahalanobis,3182,0.42237586423632933,0.48792724040105706,0.5120727595989429,higher_score_lower_error
dnsmos,pooled_outside_subjective_95ci,all,l2,3182,0.42237586423632933,0.5138871346960983,0.5138871346960983,higher_score_higher_error
dnsmos,pooled_outside_subjective_95ci,all,knn,3182,0.42237586423632933,0.46102574939116014,0.5389742506088399,higher_score_lower_error
dnsmos,pooled_outside_subjective_95ci,all,mos_extremity,3182,0.42237586423632933,0.5156458479066273,0.5156458479066273,higher_score_higher_error
nisqa,within_domain_top_quartile,nisqa_val_sim,mahalanobis,1250,0.2504,0.3845902052979907,0.6154097947020093,higher_score_lower_error
nisqa,within_domain_top_quartile,nisqa_val_sim,l2,1250,0.2504,0.4042539407598856,0.5957460592401145,higher_score_lower_error
nisqa,within_domain_top_quartile,nisqa_val_sim,knn,1250,0.2504,0.48586509184024873,0.5141349081597513,higher_score_lower_error
nisqa,within_domain_top_quartile,nisqa_val_sim,mos_extremity,1250,0.2504,0.3480791459385368,0.6519208540614632,higher_score_lower_error
nisqa,within_domain_top_quartile,nisqa_train_live,mahalanobis,1020,0.25,0.5397154940407536,0.5397154940407536,higher_score_higher_error
nisqa,within_domain_top_quartile,nisqa_train_live,l2,1020,0.25,0.49843906189926956,0.5015609381007304,higher_score_lower_error
nisqa,within_domain_top_quartile,nisqa_train_live,knn,1020,0.25,0.5748788927335641,0.5748788927335641,higher_score_higher_error
nisqa,within_domain_top_quartile,nisqa_train_live,mos_extremity,1020,0.25,0.4715673458926054,0.5284326541073946,higher_score_lower_error
nisqa,within_domain_top_quartile,nisqa_val_live,mahalanobis,200,0.25,0.4821333333333333,0.5178666666666667,higher_score_lower_error
nisqa,within_domain_top_quartile,nisqa_val_live,l2,200,0.25,0.36800000000000005,0.6319999999999999,higher_score_lower_error
nisqa,within_domain_top_quartile,nisqa_val_live,knn,200,0.25,0.5738666666666666,0.5738666666666666,higher_score_higher_error
nisqa,within_domain_top_quartile,nisqa_val_live,mos_extremity,200,0.25,0.37840000000000007,0.6215999999999999,higher_score_lower_error
nisqa,within_domain_top_quartile,nisqa_test_for,mahalanobis,240,0.25,0.45083333333333336,0.5491666666666666,higher_score_lower_error
nisqa,within_domain_top_quartile,nisqa_test_for,l2,240,0.25,0.3735185185185185,0.6264814814814814,higher_score_lower_error
nisqa,within_domain_top_quartile,nisqa_test_for,knn,240,0.25,0.5536111111111112,0.5536111111111112,higher_score_higher_error
nisqa,within_domain_top_quartile,nisqa_test_for,mos_extremity,240,0.25,0.384537037037037,0.615462962962963,higher_score_lower_error
nisqa,within_domain_top_quartile,nisqa_test_livetalk,mahalanobis,232,0.25,0.5719381688466113,0.5719381688466113,higher_score_higher_error
nisqa,within_domain_top_quartile,nisqa_test_livetalk,l2,232,0.25,0.58115338882283,0.58115338882283,higher_score_higher_error
nisqa,within_domain_top_quartile,nisqa_test_livetalk,knn,232,0.25,0.5219976218787159,0.5219976218787159,higher_score_higher_error
nisqa,within_domain_top_quartile,nisqa_test_livetalk,mos_extremity,232,0.25,0.4721561632976615,0.5278438367023385,higher_score_lower_error
nisqa,within_domain_top_quartile,nisqa_test_p501,mahalanobis,240,0.25,0.5425925925925926,0.5425925925925926,higher_score_higher_error
nisqa,within_domain_top_quartile,nisqa_test_p501,l2,240,0.25,0.5807407407407408,0.5807407407407408,higher_score_higher_error
nisqa,within_domain_top_quartile,nisqa_test_p501,knn,240,0.25,0.4640740740740741,0.5359259259259259,higher_score_lower_error
nisqa,within_domain_top_quartile,nisqa_test_p501,mos_extremity,240,0.25,0.37796296296296295,0.622037037037037,higher_score_lower_error
nisqa,pooled_top_quartile,all,mahalanobis,3182,0.2501571338780641,0.38469748154013994,0.6153025184598601,higher_score_lower_error
nisqa,pooled_top_quartile,all,l2,3182,0.2501571338780641,0.4075935524226329,0.5924064475773672,higher_score_lower_error
nisqa,pooled_top_quartile,all,knn,3182,0.2501571338780641,0.4180218464493465,0.5819781535506535,higher_score_lower_error
nisqa,pooled_top_quartile,all,mos_extremity,3182,0.2501571338780641,0.38206539824015295,0.617934601759847,higher_score_lower_error
nisqa,balanced_pooled_top_quartile,all,mahalanobis,3182,0.2501571338780641,0.45173469377493286,0.5482653062250671,higher_score_lower_error
nisqa,balanced_pooled_top_quartile,all,l2,3182,0.2501571338780641,0.4516024707816832,0.5483975292183167,higher_score_lower_error
nisqa,balanced_pooled_top_quartile,all,knn,3182,0.2501571338780641,0.4650251093306446,0.5349748906693554,higher_score_lower_error
nisqa,balanced_pooled_top_quartile,all,mos_extremity,3182,0.2501571338780641,0.40822563255345307,0.591774367446547,higher_score_lower_error
nisqa,pooled_abs_error_gt_0.5,all,mahalanobis,3182,0.4424890006285355,0.4286948232679102,0.5713051767320898,higher_score_lower_error
nisqa,pooled_abs_error_gt_0.5,all,l2,3182,0.4424890006285355,0.43381174253100335,0.5661882574689967,higher_score_lower_error
nisqa,pooled_abs_error_gt_0.5,all,knn,3182,0.4424890006285355,0.4599810552680127,0.5400189447319873,higher_score_lower_error
nisqa,pooled_abs_error_gt_0.5,all,mos_extremity,3182,0.4424890006285355,0.39717718689146253,0.6028228131085375,higher_score_lower_error
nisqa,pooled_abs_error_gt_0.75,all,mahalanobis,3182,0.2677561282212445,0.39131354651514233,0.6086864534848577,higher_score_lower_error
nisqa,pooled_abs_error_gt_0.75,all,l2,3182,0.2677561282212445,0.4114139414455258,0.5885860585544742,higher_score_lower_error
nisqa,pooled_abs_error_gt_0.75,all,knn,3182,0.2677561282212445,0.42622332708698546,0.5737766729130145,higher_score_lower_error
nisqa,pooled_abs_error_gt_0.75,all,mos_extremity,3182,0.2677561282212445,0.3862731467488767,0.6137268532511233,higher_score_lower_error
nisqa,pooled_abs_error_gt_1,all,mahalanobis,3182,0.1571338780641106,0.3267546607009694,0.6732453392990305,higher_score_lower_error
nisqa,pooled_abs_error_gt_1,all,l2,3182,0.1571338780641106,0.37339634601044,0.6266036539895601,higher_score_lower_error
nisqa,pooled_abs_error_gt_1,all,knn,3182,0.1571338780641106,0.3666058911260254,0.6333941088739746,higher_score_lower_error
nisqa,pooled_abs_error_gt_1,all,mos_extremity,3182,0.1571338780641106,0.37943325876211786,0.6205667412378821,higher_score_lower_error
nisqa,pooled_standardized_error_top_quartile,all,mahalanobis,3182,0.2501571338780641,0.46661060962819123,0.5333893903718088,higher_score_lower_error
nisqa,pooled_standardized_error_top_quartile,all,l2,3182,0.2501571338780641,0.5209969061569373,0.5209969061569373,higher_score_higher_error
nisqa,pooled_standardized_error_top_quartile,all,knn,3182,0.2501571338780641,0.44580298811745234,0.5541970118825477,higher_score_lower_error
nisqa,pooled_standardized_error_top_quartile,all,mos_extremity,3182,0.2501571338780641,0.5072975944264491,0.5072975944264491,higher_score_higher_error
nisqa,pooled_outside_subjective_95ci,all,mahalanobis,3182,0.3953488372093023,0.46008539112672664,0.5399146088732734,higher_score_lower_error
nisqa,pooled_outside_subjective_95ci,all,l2,3182,0.3953488372093023,0.5119738868745227,0.5119738868745227,higher_score_higher_error
nisqa,pooled_outside_subjective_95ci,all,knn,3182,0.3953488372093023,0.45088708771141206,0.5491129122885879,higher_score_lower_error
nisqa,pooled_outside_subjective_95ci,all,mos_extremity,3182,0.3953488372093023,0.49681869713666216,0.5031813028633378,higher_score_lower_error
utmos,within_domain_top_quartile,nisqa_val_sim,mahalanobis,1250,0.2504,0.47996631217160335,0.5200336878283967,higher_score_lower_error
utmos,within_domain_top_quartile,nisqa_val_sim,l2,1250,0.2504,0.40040780002795956,0.5995921999720404,higher_score_lower_error
utmos,within_domain_top_quartile,nisqa_val_sim,knn,1250,0.2504,0.5159147711580362,0.5159147711580362,higher_score_higher_error
utmos,within_domain_top_quartile,nisqa_val_sim,mos_extremity,1250,0.2504,0.4185269417384692,0.5814730582615308,higher_score_lower_error
utmos,within_domain_top_quartile,nisqa_train_live,mahalanobis,1020,0.25,0.4627040881712162,0.5372959118287838,higher_score_lower_error
utmos,within_domain_top_quartile,nisqa_train_live,l2,1020,0.25,0.4478892733564014,0.5521107266435986,higher_score_lower_error
utmos,within_domain_top_quartile,nisqa_train_live,knn,1020,0.25,0.48211200820197364,0.5178879917980264,higher_score_lower_error
utmos,within_domain_top_quartile,nisqa_train_live,mos_extremity,1020,0.25,0.4474637959759067,0.5525362040240933,higher_score_lower_error
utmos,within_domain_top_quartile,nisqa_val_live,mahalanobis,200,0.25,0.4981333333333333,0.5018666666666667,higher_score_lower_error
utmos,within_domain_top_quartile,nisqa_val_live,l2,200,0.25,0.40426666666666666,0.5957333333333333,higher_score_lower_error
utmos,within_domain_top_quartile,nisqa_val_live,knn,200,0.25,0.5469333333333333,0.5469333333333333,higher_score_higher_error
utmos,within_domain_top_quartile,nisqa_val_live,mos_extremity,200,0.25,0.4032,0.5968,higher_score_lower_error
utmos,within_domain_top_quartile,nisqa_test_for,mahalanobis,240,0.25,0.5094444444444444,0.5094444444444444,higher_score_higher_error
utmos,within_domain_top_quartile,nisqa_test_for,l2,240,0.25,0.4119444444444445,0.5880555555555556,higher_score_lower_error
utmos,within_domain_top_quartile,nisqa_test_for,knn,240,0.25,0.5368518518518519,0.5368518518518519,higher_score_higher_error
utmos,within_domain_top_quartile,nisqa_test_for,mos_extremity,240,0.25,0.41000000000000003,0.59,higher_score_lower_error
utmos,within_domain_top_quartile,nisqa_test_livetalk,mahalanobis,232,0.25,0.42281014665081257,0.5771898533491875,higher_score_lower_error
utmos,within_domain_top_quartile,nisqa_test_livetalk,l2,232,0.25,0.37237415774871185,0.6276258422512881,higher_score_lower_error
utmos,within_domain_top_quartile,nisqa_test_livetalk,knn,232,0.25,0.4346016646848989,0.5653983353151011,higher_score_lower_error
utmos,within_domain_top_quartile,nisqa_test_livetalk,mos_extremity,232,0.25,0.3830757035275466,0.6169242964724534,higher_score_lower_error
utmos,within_domain_top_quartile,nisqa_test_p501,mahalanobis,240,0.25,0.4750925925925926,0.5249074074074074,higher_score_lower_error
utmos,within_domain_top_quartile,nisqa_test_p501,l2,240,0.25,0.34564814814814815,0.6543518518518519,higher_score_lower_error
utmos,within_domain_top_quartile,nisqa_test_p501,knn,240,0.25,0.5583333333333333,0.5583333333333333,higher_score_higher_error
utmos,within_domain_top_quartile,nisqa_test_p501,mos_extremity,240,0.25,0.31351851851851853,0.6864814814814815,higher_score_lower_error
utmos,pooled_top_quartile,all,mahalanobis,3182,0.2501571338780641,0.515061687313348,0.515061687313348,higher_score_higher_error
utmos,pooled_top_quartile,all,l2,3182,0.2501571338780641,0.4537566289115317,0.5462433710884683,higher_score_lower_error
utmos,pooled_top_quartile,all,knn,3182,0.2501571338780641,0.5492266445387036,0.5492266445387036,higher_score_higher_error
utmos,pooled_top_quartile,all,mos_extremity,3182,0.2501571338780641,0.4957041072925398,0.5042958927074602,higher_score_lower_error
utmos,balanced_pooled_top_quartile,all,mahalanobis,3182,0.2501571338780641,0.5266321577418294,0.5266321577418294,higher_score_higher_error
utmos,balanced_pooled_top_quartile,all,l2,3182,0.2501571338780641,0.439125259957708,0.560874740042292,higher_score_lower_error
utmos,balanced_pooled_top_quartile,all,knn,3182,0.2501571338780641,0.555317684187943,0.555317684187943,higher_score_higher_error
utmos,balanced_pooled_top_quartile,all,mos_extremity,3182,0.2501571338780641,0.4714349950006006,0.5285650049993994,higher_score_lower_error
utmos,pooled_abs_error_gt_0.5,all,mahalanobis,3182,0.5084852294154619,0.47666200892137367,0.5233379910786263,higher_score_lower_error
utmos,pooled_abs_error_gt_0.5,all,l2,3182,0.5084852294154619,0.43072143943297747,0.5692785605670225,higher_score_lower_error
utmos,pooled_abs_error_gt_0.5,all,knn,3182,0.5084852294154619,0.4990460579351857,0.5009539420648144,higher_score_lower_error
utmos,pooled_abs_error_gt_0.5,all,mos_extremity,3182,0.5084852294154619,0.4547954359365071,0.5452045640634928,higher_score_lower_error
utmos,pooled_abs_error_gt_0.75,all,mahalanobis,3182,0.34003771213073536,0.4914034856086612,0.5085965143913388,higher_score_lower_error
utmos,pooled_abs_error_gt_0.75,all,l2,3182,0.34003771213073536,0.4421366957134055,0.5578633042865945,higher_score_lower_error
utmos,pooled_abs_error_gt_0.75,all,knn,3182,0.34003771213073536,0.5209972713669572,0.5209972713669572,higher_score_higher_error
utmos,pooled_abs_error_gt_0.75,all,mos_extremity,3182,0.34003771213073536,0.48021917084763666,0.5197808291523633,higher_score_lower_error
utmos,pooled_abs_error_gt_1,all,mahalanobis,3182,0.1983029541169076,0.5234155090356412,0.5234155090356412,higher_score_higher_error
utmos,pooled_abs_error_gt_1,all,l2,3182,0.1983029541169076,0.46047198171563186,0.5395280182843681,higher_score_lower_error
utmos,pooled_abs_error_gt_1,all,knn,3182,0.1983029541169076,0.5538967037568313,0.5538967037568313,higher_score_higher_error
utmos,pooled_abs_error_gt_1,all,mos_extremity,3182,0.1983029541169076,0.5084703118195469,0.5084703118195469,higher_score_higher_error
utmos,pooled_standardized_error_top_quartile,all,mahalanobis,3182,0.2501571338780641,0.5518129204277886,0.5518129204277886,higher_score_higher_error
utmos,pooled_standardized_error_top_quartile,all,l2,3182,0.2501571338780641,0.5059607551588622,0.5059607551588622,higher_score_higher_error
utmos,pooled_standardized_error_top_quartile,all,knn,3182,0.2501571338780641,0.5551394861988063,0.5551394861988063,higher_score_higher_error
utmos,pooled_standardized_error_top_quartile,all,mos_extremity,3182,0.2501571338780641,0.5304234921463984,0.5304234921463984,higher_score_higher_error
utmos,pooled_outside_subjective_95ci,all,mahalanobis,3182,0.42834695160276554,0.5215926127446611,0.5215926127446611,higher_score_higher_error
utmos,pooled_outside_subjective_95ci,all,l2,3182,0.42834695160276554,0.481365887184956,0.518634112815044,higher_score_lower_error
utmos,pooled_outside_subjective_95ci,all,knn,3182,0.42834695160276554,0.5298917394729232,0.5298917394729232,higher_score_higher_error
utmos,pooled_outside_subjective_95ci,all,mos_extremity,3182,0.42834695160276554,0.5041275813264808,0.5041275813264808,higher_score_higher_error
