model,weighting,score,direction,coverage,n_retained,rmse
dnsmos,natural,mahalanobis,retain_low_score,1.0,3182,0.7482585001368638
dnsmos,natural,mahalanobis,retain_low_score,0.95,3023,0.7569925907088728
dnsmos,natural,mahalanobis,retain_low_score,0.9,2864,0.7657098107137963
dnsmos,natural,mahalanobis,retain_low_score,0.8,2546,0.7741774578788531
dnsmos,natural,mahalanobis,retain_low_score,0.7,2227,0.7845949589899215
dnsmos,natural,mahalanobis,retain_low_score,0.6,1909,0.7999974931303895
dnsmos,natural,mahalanobis,retain_low_score,0.5,1591,0.8132103962400704
dnsmos,natural,mahalanobis,retain_high_score_diagnostic,1.0,3182,0.7482585001368638
dnsmos,natural,mahalanobis,retain_high_score_diagnostic,0.95,3023,0.739220034650654
dnsmos,natural,mahalanobis,retain_high_score_diagnostic,0.9,2864,0.7294103892650395
dnsmos,natural,mahalanobis,retain_high_score_diagnostic,0.8,2546,0.7180898519367211
dnsmos,natural,mahalanobis,retain_high_score_diagnostic,0.7,2227,0.7035998539242594
dnsmos,natural,mahalanobis,retain_high_score_diagnostic,0.6,1909,0.6888582971480597
dnsmos,natural,mahalanobis,retain_high_score_diagnostic,0.5,1591,0.6771044361848514
dnsmos,natural,l2,retain_low_score,1.0,3182,0.7482585001368638
dnsmos,natural,l2,retain_low_score,0.95,3023,0.7569907899579852
dnsmos,natural,l2,retain_low_score,0.9,2864,0.7647473696372447
dnsmos,natural,l2,retain_low_score,0.8,2546,0.7768499154017171
dnsmos,natural,l2,retain_low_score,0.7,2227,0.7835963517244067
dnsmos,natural,l2,retain_low_score,0.6,1909,0.7952797877961391
dnsmos,natural,l2,retain_low_score,0.5,1591,0.8008275496336216
dnsmos,natural,l2,retain_high_score_diagnostic,1.0,3182,0.7482585001368638
dnsmos,natural,l2,retain_high_score_diagnostic,0.95,3023,0.7430740327614447
dnsmos,natural,l2,retain_high_score_diagnostic,0.9,2864,0.7377110013838828
dnsmos,natural,l2,retain_high_score_diagnostic,0.8,2546,0.7302031452415478
dnsmos,natural,l2,retain_high_score_diagnostic,0.7,2227,0.7206351290901339
dnsmos,natural,l2,retain_high_score_diagnostic,0.6,1909,0.7100920815147883
dnsmos,natural,l2,retain_high_score_diagnostic,0.5,1591,0.6917057190756393
dnsmos,natural,knn,retain_low_score,1.0,3182,0.7482585001368637
dnsmos,natural,knn,retain_low_score,0.95,3023,0.7575427020884712
dnsmos,natural,knn,retain_low_score,0.9,2864,0.7653234773823079
dnsmos,natural,knn,retain_low_score,0.8,2546,0.7791251499439724
dnsmos,natural,knn,retain_low_score,0.7,2227,0.7908422596131841
dnsmos,natural,knn,retain_low_score,0.6,1909,0.8063334691186747
dnsmos,natural,knn,retain_low_score,0.5,1591,0.8279347224958693
dnsmos,natural,knn,retain_high_score_diagnostic,1.0,3182,0.7482585001368638
dnsmos,natural,knn,retain_high_score_diagnostic,0.95,3023,0.7398444728407694
dnsmos,natural,knn,retain_high_score_diagnostic,0.9,2864,0.733876967951018
dnsmos,natural,knn,retain_high_score_diagnostic,0.8,2546,0.714836678038138
dnsmos,natural,knn,retain_high_score_diagnostic,0.7,2227,0.6936952654406777
dnsmos,natural,knn,retain_high_score_diagnostic,0.6,1909,0.6816960020834808
dnsmos,natural,knn,retain_high_score_diagnostic,0.5,1591,0.6590187109178508
dnsmos,natural,mos_extremity,retain_low_score,1.0,3182,0.7482585001368638
dnsmos,natural,mos_extremity,retain_low_score,0.95,3023,0.7566290117913421
dnsmos,natural,mos_extremity,retain_low_score,0.9,2864,0.7655058748145059
dnsmos,natural,mos_extremity,retain_low_score,0.8,2546,0.7793829492266424
dnsmos,natural,mos_extremity,retain_low_score,0.7,2227,0.7895323392555761
dnsmos,natural,mos_extremity,retain_low_score,0.6,1909,0.7913473149050206
dnsmos,natural,mos_extremity,retain_low_score,0.5,1591,0.7889563108529276
dnsmos,natural,mos_extremity,retain_high_score_diagnostic,1.0,3182,0.7482585001368638
dnsmos,natural,mos_extremity,retain_high_score_diagnostic,0.95,3023,0.7477523669879489
dnsmos,natural,mos_extremity,retain_high_score_diagnostic,0.9,2864,0.7416953680589266
dnsmos,natural,mos_extremity,retain_high_score_diagnostic,0.8,2546,0.7350651391473165
dnsmos,natural,mos_extremity,retain_high_score_diagnostic,0.7,2227,0.7263768276145021
dnsmos,natural,mos_extremity,retain_high_score_diagnostic,0.6,1909,0.7156946025136902
dnsmos,natural,mos_extremity,retain_high_score_diagnostic,0.5,1591,0.7052159283648353
dnsmos,domain_balanced,mahalanobis,retain_low_score,1.0,3182,0.7571078695090883
dnsmos,domain_balanced,mahalanobis,retain_low_score,0.95,3023,0.7648424302491176
dnsmos,domain_balanced,mahalanobis,retain_low_score,0.9,2864,0.7762245496034768
dnsmos,domain_balanced,mahalanobis,retain_low_score,0.8,2546,0.7838827129924658
dnsmos,domain_balanced,mahalanobis,retain_low_score,0.7,2227,0.7960631258582516
dnsmos,domain_balanced,mahalanobis,retain_low_score,0.6,1909,0.8092964246882055
dnsmos,domain_balanced,mahalanobis,retain_low_score,0.5,1591,0.8268806526250332
dnsmos,domain_balanced,mahalanobis,retain_high_score_diagnostic,1.0,3182,0.7571078695090883
dnsmos,domain_balanced,mahalanobis,retain_high_score_diagnostic,0.95,3023,0.7466366136263681
dnsmos,domain_balanced,mahalanobis,retain_high_score_diagnostic,0.9,2864,0.7355770794377477
dnsmos,domain_balanced,mahalanobis,retain_high_score_diagnostic,0.8,2546,0.7272143484184229
dnsmos,domain_balanced,mahalanobis,retain_high_score_diagnostic,0.7,2227,0.7133617466660993
dnsmos,domain_balanced,mahalanobis,retain_high_score_diagnostic,0.6,1909,0.7021206589426976
dnsmos,domain_balanced,mahalanobis,retain_high_score_diagnostic,0.5,1591,0.6908541195126755
dnsmos,domain_balanced,l2,retain_low_score,1.0,3182,0.7571078695090883
dnsmos,domain_balanced,l2,retain_low_score,0.95,3023,0.7656350555928472
dnsmos,domain_balanced,l2,retain_low_score,0.9,2864,0.7716568156895518
dnsmos,domain_balanced,l2,retain_low_score,0.8,2546,0.7854880939874486
dnsmos,domain_balanced,l2,retain_low_score,0.7,2227,0.7943990062025026
dnsmos,domain_balanced,l2,retain_low_score,0.6,1909,0.8132509517294526
dnsmos,domain_balanced,l2,retain_low_score,0.5,1591,0.8261538439614473
dnsmos,domain_balanced,l2,retain_high_score_diagnostic,1.0,3182,0.7571078695090883
dnsmos,domain_balanced,l2,retain_high_score_diagnostic,0.95,3023,0.7497572895564245
dnsmos,domain_balanced,l2,retain_high_score_diagnostic,0.9,2864,0.7454397529714851
dnsmos,domain_balanced,l2,retain_high_score_diagnostic,0.8,2546,0.7314277666010602
dnsmos,domain_balanced,l2,retain_high_score_diagnostic,0.7,2227,0.7163152429222007
dnsmos,domain_balanced,l2,retain_high_score_diagnostic,0.6,1909,0.7006871641108047
dnsmos,domain_balanced,l2,retain_high_score_diagnostic,0.5,1591,0.6825484932458308
dnsmos,domain_balanced,knn,retain_low_score,1.0,3182,0.7571078695090883
dnsmos,domain_balanced,knn,retain_low_score,0.95,3023,0.7657168267785837
dnsmos,domain_balanced,knn,retain_low_score,0.9,2864,0.7740503024475618
dnsmos,domain_balanced,knn,retain_low_score,0.8,2546,0.7867082815647461
dnsmos,domain_balanced,knn,retain_low_score,0.7,2227,0.8007883138456411
dnsmos,domain_balanced,knn,retain_low_score,0.6,1909,0.8168833842955209
dnsmos,domain_balanced,knn,retain_low_score,0.5,1591,0.8414540241593832
dnsmos,domain_balanced,knn,retain_high_score_diagnostic,1.0,3182,0.7571078695090883
dnsmos,domain_balanced,knn,retain_high_score_diagnostic,0.95,3023,0.747026314853659
dnsmos,domain_balanced,knn,retain_high_score_diagnostic,0.9,2864,0.74192002665041
dnsmos,domain_balanced,knn,retain_high_score_diagnostic,0.8,2546,0.7268936114643457
dnsmos,domain_balanced,knn,retain_high_score_diagnostic,0.7,2227,0.7028302949202181
dnsmos,domain_balanced,knn,retain_high_score_diagnostic,0.6,1909,0.6963256426429404
dnsmos,domain_balanced,knn,retain_high_score_diagnostic,0.5,1591,0.6746636606075775
dnsmos,domain_balanced,mos_extremity,retain_low_score,1.0,3182,0.7571078695090883
dnsmos,domain_balanced,mos_extremity,retain_low_score,0.95,3023,0.765248585060538
dnsmos,domain_balanced,mos_extremity,retain_low_score,0.9,2864,0.7727639924466756
dnsmos,domain_balanced,mos_extremity,retain_low_score,0.8,2546,0.787043944406324
dnsmos,domain_balanced,mos_extremity,retain_low_score,0.7,2227,0.7978801498109473
dnsmos,domain_balanced,mos_extremity,retain_low_score,0.6,1909,0.804052117398711
dnsmos,domain_balanced,mos_extremity,retain_low_score,0.5,1591,0.8125946425013895
dnsmos,domain_balanced,mos_extremity,retain_high_score_diagnostic,1.0,3182,0.7571078695090883
dnsmos,domain_balanced,mos_extremity,retain_high_score_diagnostic,0.95,3023,0.7576451051212737
dnsmos,domain_balanced,mos_extremity,retain_high_score_diagnostic,0.9,2864,0.7460581891366475
dnsmos,domain_balanced,mos_extremity,retain_high_score_diagnostic,0.8,2546,0.7329611568984177
dnsmos,domain_balanced,mos_extremity,retain_high_score_diagnostic,0.7,2227,0.7157510094815082
dnsmos,domain_balanced,mos_extremity,retain_high_score_diagnostic,0.6,1909,0.706643584820244
dnsmos,domain_balanced,mos_extremity,retain_high_score_diagnostic,0.5,1591,0.697194966525723
nisqa,natural,mahalanobis,retain_low_score,1.0,3182,0.7147114898560403
nisqa,natural,mahalanobis,retain_low_score,0.95,3023,0.7215818523928839
nisqa,natural,mahalanobis,retain_low_score,0.9,2864,0.7245432695200276
nisqa,natural,mahalanobis,retain_low_score,0.8,2546,0.7411369730431796
nisqa,natural,mahalanobis,retain_low_score,0.7,2227,0.761960845080588
nisqa,natural,mahalanobis,retain_low_score,0.6,1909,0.7842292773969424
nisqa,natural,mahalanobis,retain_low_score,0.5,1591,0.8145498891903401
nisqa,natural,mahalanobis,retain_high_score_diagnostic,1.0,3182,0.7147114898560403
nisqa,natural,mahalanobis,retain_high_score_diagnostic,0.95,3023,0.7027844601095575
nisqa,natural,mahalanobis,retain_high_score_diagnostic,0.9,2864,0.6835974175950218
nisqa,natural,mahalanobis,retain_high_score_diagnostic,0.8,2546,0.6566783639833959
nisqa,natural,mahalanobis,retain_high_score_diagnostic,0.7,2227,0.6223767252575751
nisqa,natural,mahalanobis,retain_high_score_diagnostic,0.6,1909,0.6101362824382156
nisqa,natural,mahalanobis,retain_high_score_diagnostic,0.5,1591,0.5984425665713345
nisqa,natural,l2,retain_low_score,1.0,3182,0.7147114898560404
nisqa,natural,l2,retain_low_score,0.95,3023,0.7213187018033614
nisqa,natural,l2,retain_low_score,0.9,2864,0.732437315343476
nisqa,natural,l2,retain_low_score,0.8,2546,0.7475676019951956
nisqa,natural,l2,retain_low_score,0.7,2227,0.7638854388817407
nisqa,natural,l2,retain_low_score,0.6,1909,0.7811096034191206
nisqa,natural,l2,retain_low_score,0.5,1591,0.7904043743594927
nisqa,natural,l2,retain_high_score_diagnostic,1.0,3182,0.7147114898560403
nisqa,natural,l2,retain_high_score_diagnostic,0.95,3023,0.7015359288523879
nisqa,natural,l2,retain_high_score_diagnostic,0.9,2864,0.6977095253087484
nisqa,natural,l2,retain_high_score_diagnostic,0.8,2546,0.6862709118749099
nisqa,natural,l2,retain_high_score_diagnostic,0.7,2227,0.6675643510602963
nisqa,natural,l2,retain_high_score_diagnostic,0.6,1909,0.6533609878077242
nisqa,natural,l2,retain_high_score_diagnostic,0.5,1591,0.6299888510583823
nisqa,natural,knn,retain_low_score,1.0,3182,0.7147114898560403
nisqa,natural,knn,retain_low_score,0.95,3023,0.7179601177288789
nisqa,natural,knn,retain_low_score,0.9,2864,0.7259537943192302
nisqa,natural,knn,retain_low_score,0.8,2546,0.739280286713093
nisqa,natural,knn,retain_low_score,0.7,2227,0.7565694951890892
nisqa,natural,knn,retain_low_score,0.6,1909,0.7825547209403636
nisqa,natural,knn,retain_low_score,0.5,1591,0.8090139132395776
nisqa,natural,knn,retain_high_score_diagnostic,1.0,3182,0.7147114898560403
nisqa,natural,knn,retain_high_score_diagnostic,0.95,3023,0.7190497520854483
nisqa,natural,knn,retain_high_score_diagnostic,0.9,2864,0.7117666671728822
nisqa,natural,knn,retain_high_score_diagnostic,0.8,2546,0.6818697135093869
nisqa,natural,knn,retain_high_score_diagnostic,0.7,2227,0.651600159526811
nisqa,natural,knn,retain_high_score_diagnostic,0.6,1909,0.6262000439193257
nisqa,natural,knn,retain_high_score_diagnostic,0.5,1591,0.6059055336017874
nisqa,natural,mos_extremity,retain_low_score,1.0,3182,0.7147114898560403
nisqa,natural,mos_extremity,retain_low_score,0.95,3023,0.7258762584965494
nisqa,natural,mos_extremity,retain_low_score,0.9,2864,0.736312691658913
nisqa,natural,mos_extremity,retain_low_score,0.8,2546,0.7565753994203289
nisqa,natural,mos_extremity,retain_low_score,0.7,2227,0.7645634438280784
nisqa,natural,mos_extremity,retain_low_score,0.6,1909,0.7730767226851316
nisqa,natural,mos_extremity,retain_low_score,0.5,1591,0.7846231616024906
nisqa,natural,mos_extremity,retain_high_score_diagnostic,1.0,3182,0.7147114898560403
nisqa,natural,mos_extremity,retain_high_score_diagnostic,0.95,3023,0.7075022996556878
nisqa,natural,mos_extremity,retain_high_score_diagnostic,0.9,2864,0.7008809366830232
nisqa,natural,mos_extremity,retain_high_score_diagnostic,0.8,2546,0.681990101631674
nisqa,natural,mos_extremity,retain_high_score_diagnostic,0.7,2227,0.6713356909936536
nisqa,natural,mos_extremity,retain_high_score_diagnostic,0.6,1909,0.6537736039896657
nisqa,natural,mos_extremity,retain_high_score_diagnostic,0.5,1591,0.6371746399076109
nisqa,domain_balanced,mahalanobis,retain_low_score,1.0,3182,0.6852546265081241
nisqa,domain_balanced,mahalanobis,retain_low_score,0.95,3023,0.691427085229705
nisqa,domain_balanced,mahalanobis,retain_low_score,0.9,2864,0.6881265144377788
nisqa,domain_balanced,mahalanobis,retain_low_score,0.8,2546,0.6993254040411624
nisqa,domain_balanced,mahalanobis,retain_low_score,0.7,2227,0.7135150346134803
nisqa,domain_balanced,mahalanobis,retain_low_score,0.6,1909,0.7320110364761607
nisqa,domain_balanced,mahalanobis,retain_low_score,0.5,1591,0.7632346230953208
nisqa,domain_balanced,mahalanobis,retain_high_score_diagnostic,1.0,3182,0.6852546265081241
nisqa,domain_balanced,mahalanobis,retain_high_score_diagnostic,0.95,3023,0.679567971309587
nisqa,domain_balanced,mahalanobis,retain_high_score_diagnostic,0.9,2864,0.66773953670755
nisqa,domain_balanced,mahalanobis,retain_high_score_diagnostic,0.8,2546,0.6517374856587964
nisqa,domain_balanced,mahalanobis,retain_high_score_diagnostic,0.7,2227,0.6289686885414348
nisqa,domain_balanced,mahalanobis,retain_high_score_diagnostic,0.6,1909,0.6237141816483887
nisqa,domain_balanced,mahalanobis,retain_high_score_diagnostic,0.5,1591,0.6202782387195392
nisqa,domain_balanced,l2,retain_low_score,1.0,3182,0.6852546265081241
nisqa,domain_balanced,l2,retain_low_score,0.95,3023,0.6874692660896591
nisqa,domain_balanced,l2,retain_low_score,0.9,2864,0.697928442315707
nisqa,domain_balanced,l2,retain_low_score,0.8,2546,0.7072001773361578
nisqa,domain_balanced,l2,retain_low_score,0.7,2227,0.7211685883146973
nisqa,domain_balanced,l2,retain_low_score,0.6,1909,0.7362655674361517
nisqa,domain_balanced,l2,retain_low_score,0.5,1591,0.739656014846991
nisqa,domain_balanced,l2,retain_high_score_diagnostic,1.0,3182,0.6852546265081241
nisqa,domain_balanced,l2,retain_high_score_diagnostic,0.95,3023,0.6787569261048252
nisqa,domain_balanced,l2,retain_high_score_diagnostic,0.9,2864,0.6774773954789871
nisqa,domain_balanced,l2,retain_high_score_diagnostic,0.8,2546,0.6754080284222195
nisqa,domain_balanced,l2,retain_high_score_diagnostic,0.7,2227,0.6628437551962808
nisqa,domain_balanced,l2,retain_high_score_diagnostic,0.6,1909,0.6533367416709437
nisqa,domain_balanced,l2,retain_high_score_diagnostic,0.5,1591,0.638641761416846
nisqa,domain_balanced,knn,retain_low_score,1.0,3182,0.6852546265081241
nisqa,domain_balanced,knn,retain_low_score,0.95,3023,0.6872808542729868
nisqa,domain_balanced,knn,retain_low_score,0.9,2864,0.6926115733249554
nisqa,domain_balanced,knn,retain_low_score,0.8,2546,0.7011995346008096
nisqa,domain_balanced,knn,retain_low_score,0.7,2227,0.7089319728595743
nisqa,domain_balanced,knn,retain_low_score,0.6,1909,0.7322091700244144
nisqa,domain_balanced,knn,retain_low_score,0.5,1591,0.7599982576306769
nisqa,domain_balanced,knn,retain_high_score_diagnostic,1.0,3182,0.6852546265081241
nisqa,domain_balanced,knn,retain_high_score_diagnostic,0.95,3023,0.6888957458638088
nisqa,domain_balanced,knn,retain_high_score_diagnostic,0.9,2864,0.6850549501748895
nisqa,domain_balanced,knn,retain_high_score_diagnostic,0.8,2546,0.6696999476289365
nisqa,domain_balanced,knn,retain_high_score_diagnostic,0.7,2227,0.6447227917122358
nisqa,domain_balanced,knn,retain_high_score_diagnostic,0.6,1909,0.6354021883006166
nisqa,domain_balanced,knn,retain_high_score_diagnostic,0.5,1591,0.6228639454048661
nisqa,domain_balanced,mos_extremity,retain_low_score,1.0,3182,0.6852546265081241
nisqa,domain_balanced,mos_extremity,retain_low_score,0.95,3023,0.6940347323942635
nisqa,domain_balanced,mos_extremity,retain_low_score,0.9,2864,0.7022241067948366
nisqa,domain_balanced,mos_extremity,retain_low_score,0.8,2546,0.7216183312269292
nisqa,domain_balanced,mos_extremity,retain_low_score,0.7,2227,0.7207464553450939
nisqa,domain_balanced,mos_extremity,retain_low_score,0.6,1909,0.7253538667649271
nisqa,domain_balanced,mos_extremity,retain_low_score,0.5,1591,0.7314163190206872
nisqa,domain_balanced,mos_extremity,retain_high_score_diagnostic,1.0,3182,0.6852546265081241
nisqa,domain_balanced,mos_extremity,retain_high_score_diagnostic,0.95,3023,0.6774775843023179
nisqa,domain_balanced,mos_extremity,retain_high_score_diagnostic,0.9,2864,0.6714860485438857
nisqa,domain_balanced,mos_extremity,retain_high_score_diagnostic,0.8,2546,0.6620145720655035
nisqa,domain_balanced,mos_extremity,retain_high_score_diagnostic,0.7,2227,0.655730562870265
nisqa,domain_balanced,mos_extremity,retain_high_score_diagnostic,0.6,1909,0.6471755883439068
nisqa,domain_balanced,mos_extremity,retain_high_score_diagnostic,0.5,1591,0.6378126871106131
utmos,natural,mahalanobis,retain_low_score,1.0,3182,0.7564087184830051
utmos,natural,mahalanobis,retain_low_score,0.95,3023,0.7636125090585765
utmos,natural,mahalanobis,retain_low_score,0.9,2864,0.7697475282848055
utmos,natural,mahalanobis,retain_low_score,0.8,2546,0.772572432289552
utmos,natural,mahalanobis,retain_low_score,0.7,2227,0.7653708186653295
utmos,natural,mahalanobis,retain_low_score,0.6,1909,0.7471143309279532
utmos,natural,mahalanobis,retain_low_score,0.5,1591,0.7337602946118779
utmos,natural,mahalanobis,retain_high_score_diagnostic,1.0,3182,0.7564087184830051
utmos,natural,mahalanobis,retain_high_score_diagnostic,0.95,3023,0.7634492589182323
utmos,natural,mahalanobis,retain_high_score_diagnostic,0.9,2864,0.7669443895368866
utmos,natural,mahalanobis,retain_high_score_diagnostic,0.8,2546,0.7726434394696748
utmos,natural,mahalanobis,retain_high_score_diagnostic,0.7,2227,0.7753704386834325
utmos,natural,mahalanobis,retain_high_score_diagnostic,0.6,1909,0.7753272787070264
utmos,natural,mahalanobis,retain_high_score_diagnostic,0.5,1591,0.7783984383625742
utmos,natural,l2,retain_low_score,1.0,3182,0.7564087184830051
utmos,natural,l2,retain_low_score,0.95,3023,0.7692471054966206
utmos,natural,l2,retain_low_score,0.9,2864,0.7799635393927198
utmos,natural,l2,retain_low_score,0.8,2546,0.797484888696259
utmos,natural,l2,retain_low_score,0.7,2227,0.7978783616995082
utmos,natural,l2,retain_low_score,0.6,1909,0.7774738612732399
utmos,natural,l2,retain_low_score,0.5,1591,0.7611114546337464
utmos,natural,l2,retain_high_score_diagnostic,1.0,3182,0.7564087184830051
utmos,natural,l2,retain_high_score_diagnostic,0.95,3023,0.7570953918417272
utmos,natural,l2,retain_high_score_diagnostic,0.9,2864,0.7566499480280848
utmos,natural,l2,retain_high_score_diagnostic,0.8,2546,0.7543201482417956
utmos,natural,l2,retain_high_score_diagnostic,0.7,2227,0.7566015328481567
utmos,natural,l2,retain_high_score_diagnostic,0.6,1909,0.7539456148796823
utmos,natural,l2,retain_high_score_diagnostic,0.5,1591,0.75167656104172
utmos,natural,knn,retain_low_score,1.0,3182,0.7564087184830051
utmos,natural,knn,retain_low_score,0.95,3023,0.7619923273381976
utmos,natural,knn,retain_low_score,0.9,2864,0.7623627596478062
utmos,natural,knn,retain_low_score,0.8,2546,0.7587223254385931
utmos,natural,knn,retain_low_score,0.7,2227,0.7425119093609076
utmos,natural,knn,retain_low_score,0.6,1909,0.7311200381767378
utmos,natural,knn,retain_low_score,0.5,1591,0.7204662434989552
utmos,natural,knn,retain_high_score_diagnostic,1.0,3182,0.7564087184830051
utmos,natural,knn,retain_high_score_diagnostic,0.95,3023,0.7630358260286677
utmos,natural,knn,retain_high_score_diagnostic,0.9,2864,0.767228894957031
utmos,natural,knn,retain_high_score_diagnostic,0.8,2546,0.7726142085688273
utmos,natural,knn,retain_high_score_diagnostic,0.7,2227,0.7847114122822351
utmos,natural,knn,retain_high_score_diagnostic,0.6,1909,0.7890152509159764
utmos,natural,knn,retain_high_score_diagnostic,0.5,1591,0.7907190972606569
utmos,natural,mos_extremity,retain_low_score,1.0,3182,0.7564087184830051
utmos,natural,mos_extremity,retain_low_score,0.95,3023,0.7686375755966602
utmos,natural,mos_extremity,retain_low_score,0.9,2864,0.77781600951061
utmos,natural,mos_extremity,retain_low_score,0.8,2546,0.7810037097488823
utmos,natural,mos_extremity,retain_low_score,0.7,2227,0.7618642651967958
utmos,natural,mos_extremity,retain_low_score,0.6,1909,0.7374894909233258
utmos,natural,mos_extremity,retain_low_score,0.5,1591,0.7348565906291902
utmos,natural,mos_extremity,retain_high_score_diagnostic,1.0,3182,0.7564087184830051
utmos,natural,mos_extremity,retain_high_score_diagnostic,0.95,3023,0.7581325285287472
utmos,natural,mos_extremity,retain_high_score_diagnostic,0.9,2864,0.7600949738375055
utmos,natural,mos_extremity,retain_high_score_diagnostic,0.8,2546,0.7599794203045992
utmos,natural,mos_extremity,retain_high_score_diagnostic,0.7,2227,0.7617389450777748
utmos,natural,mos_extremity,retain_high_score_diagnostic,0.6,1909,0.7681456126056347
utmos,natural,mos_extremity,retain_high_score_diagnostic,0.5,1591,0.7773635507296741
utmos,domain_balanced,mahalanobis,retain_low_score,1.0,3182,0.7815365263079118
utmos,domain_balanced,mahalanobis,retain_low_score,0.95,3023,0.7880042294726399
utmos,domain_balanced,mahalanobis,retain_low_score,0.9,2864,0.7929812316716001
utmos,domain_balanced,mahalanobis,retain_low_score,0.8,2546,0.7948435405335469
utmos,domain_balanced,mahalanobis,retain_low_score,0.7,2227,0.7864764576263994
utmos,domain_balanced,mahalanobis,retain_low_score,0.6,1909,0.7571695825969513
utmos,domain_balanced,mahalanobis,retain_low_score,0.5,1591,0.7349463620444663
utmos,domain_balanced,mahalanobis,retain_high_score_diagnostic,1.0,3182,0.7815365263079118
utmos,domain_balanced,mahalanobis,retain_high_score_diagnostic,0.95,3023,0.7874982789394473
utmos,domain_balanced,mahalanobis,retain_high_score_diagnostic,0.9,2864,0.7894153700153738
utmos,domain_balanced,mahalanobis,retain_high_score_diagnostic,0.8,2546,0.7966176409588993
utmos,domain_balanced,mahalanobis,retain_high_score_diagnostic,0.7,2227,0.8026205495700092
utmos,domain_balanced,mahalanobis,retain_high_score_diagnostic,0.6,1909,0.810330388603367
utmos,domain_balanced,mahalanobis,retain_high_score_diagnostic,0.5,1591,0.8269295499258631
utmos,domain_balanced,l2,retain_low_score,1.0,3182,0.7815365263079118
utmos,domain_balanced,l2,retain_low_score,0.95,3023,0.7928576723489831
utmos,domain_balanced,l2,retain_low_score,0.9,2864,0.8028090274928086
utmos,domain_balanced,l2,retain_low_score,0.8,2546,0.8232327006669211
utmos,domain_balanced,l2,retain_low_score,0.7,2227,0.8258927619180902
utmos,domain_balanced,l2,retain_low_score,0.6,1909,0.8093508180675024
utmos,domain_balanced,l2,retain_low_score,0.5,1591,0.8022487029207416
utmos,domain_balanced,l2,retain_high_score_diagnostic,1.0,3182,0.7815365263079118
utmos,domain_balanced,l2,retain_high_score_diagnostic,0.95,3023,0.7833738112130793
utmos,domain_balanced,l2,retain_high_score_diagnostic,0.9,2864,0.7793822317850523
utmos,domain_balanced,l2,retain_high_score_diagnostic,0.8,2546,0.7710555404706364
utmos,domain_balanced,l2,retain_high_score_diagnostic,0.7,2227,0.7704338955256654
utmos,domain_balanced,l2,retain_high_score_diagnostic,0.6,1909,0.7666640605321906
utmos,domain_balanced,l2,retain_high_score_diagnostic,0.5,1591,0.7582004085303546
utmos,domain_balanced,knn,retain_low_score,1.0,3182,0.7815365263079118
utmos,domain_balanced,knn,retain_low_score,0.95,3023,0.787942613169776
utmos,domain_balanced,knn,retain_low_score,0.9,2864,0.789784416725074
utmos,domain_balanced,knn,retain_low_score,0.8,2546,0.7830735459628774
utmos,domain_balanced,knn,retain_low_score,0.7,2227,0.7611307986619452
utmos,domain_balanced,knn,retain_low_score,0.6,1909,0.7488026222069432
utmos,domain_balanced,knn,retain_low_score,0.5,1591,0.7286759777535547
utmos,domain_balanced,knn,retain_high_score_diagnostic,1.0,3182,0.7815365263079118
utmos,domain_balanced,knn,retain_high_score_diagnostic,0.95,3023,0.7842334359274953
utmos,domain_balanced,knn,retain_high_score_diagnostic,0.9,2864,0.7899577122091426
utmos,domain_balanced,knn,retain_high_score_diagnostic,0.8,2546,0.7977878025643285
utmos,domain_balanced,knn,retain_high_score_diagnostic,0.7,2227,0.8117008028611528
utmos,domain_balanced,knn,retain_high_score_diagnostic,0.6,1909,0.825269535031033
utmos,domain_balanced,knn,retain_high_score_diagnostic,0.5,1591,0.8319200033310531
utmos,domain_balanced,mos_extremity,retain_low_score,1.0,3182,0.7815365263079118
utmos,domain_balanced,mos_extremity,retain_low_score,0.95,3023,0.7927540434330365
utmos,domain_balanced,mos_extremity,retain_low_score,0.9,2864,0.8038127834239278
utmos,domain_balanced,mos_extremity,retain_low_score,0.8,2546,0.8122241178132572
utmos,domain_balanced,mos_extremity,retain_low_score,0.7,2227,0.7968804211455303
utmos,domain_balanced,mos_extremity,retain_low_score,0.6,1909,0.7769028104928882
utmos,domain_balanced,mos_extremity,retain_low_score,0.5,1591,0.7798857918658676
utmos,domain_balanced,mos_extremity,retain_high_score_diagnostic,1.0,3182,0.7815365263079118
utmos,domain_balanced,mos_extremity,retain_high_score_diagnostic,0.95,3023,0.783144680594262
utmos,domain_balanced,mos_extremity,retain_high_score_diagnostic,0.9,2864,0.7832403527740114
utmos,domain_balanced,mos_extremity,retain_high_score_diagnostic,0.8,2546,0.7780409086378102
utmos,domain_balanced,mos_extremity,retain_high_score_diagnostic,0.7,2227,0.7746283133448464
utmos,domain_balanced,mos_extremity,retain_high_score_diagnostic,0.6,1909,0.7780749184999457
utmos,domain_balanced,mos_extremity,retain_high_score_diagnostic,0.5,1591,0.7831127362686617
