model,method,aggregation,n_seeds,mean_delta_coverage,mean_delta_width,mean_delta_interval_score,std_delta_interval_score,min_delta_interval_score,max_delta_interval_score,fraction_improved,dataset
dnsmos,local_residual_mondrian_k10,macro_across_datasets,20,0.0019833136128014346,0.01392653476984324,0.0038146771671478063,0.021808273261208745,-0.03840941842770773,0.04417289061478091,0.35,
dnsmos,local_residual_mondrian_k25,macro_across_datasets,20,0.0009326431147171436,-0.0018985899668485951,-0.0024867462634969245,0.025165435357480066,-0.04769539469354241,0.04193758707773269,0.6,
dnsmos,local_residual_mondrian_k50,macro_across_datasets,20,0.0008884854631507715,0.000499003415284797,-0.003385337939040475,0.036359382507793435,-0.08503146047883929,0.062994545931872,0.5,
dnsmos,local_residual_normalized_k10,macro_across_datasets,20,-0.004387634663060639,0.0765435796642306,0.13418428604335123,0.07833271515652415,0.0188618406412826,0.28016584229916114,0.0,
dnsmos,local_residual_normalized_k25,macro_across_datasets,20,-0.004315861505521761,-0.02413377493982296,0.010699812832304388,0.06429602109158675,-0.10746940668262339,0.14313859141407148,0.4,
dnsmos,local_residual_normalized_k50,macro_across_datasets,20,-0.005409039891818808,-0.05472471416265322,-0.025707345594283726,0.05291379146393017,-0.1368792526587974,0.06691649697467739,0.75,
dnsmos,mahalanobis_mondrian,macro_across_datasets,20,-0.0028371579896326418,-0.0543065483958355,-0.036969683359446816,0.023400024917433725,-0.0777340137506622,0.03233886174188968,0.95,
dnsmos,mos_extremity_mondrian,macro_across_datasets,20,0.0005671275636691296,-0.009733240382421775,-0.03469808043129976,0.021567297248340375,-0.08267857073391238,0.023707806868243624,0.95,
dnsmos,predicted_mos_mondrian,macro_across_datasets,20,-0.0019252974983096833,-0.043980202912991304,-0.04619913501511523,0.029953387508721476,-0.09894796007381308,0.009237554121033517,0.9,
nisqa,local_residual_mondrian_k10,macro_across_datasets,20,-0.008347164750957859,-0.33155598017356736,-0.259352281740422,0.06988804866974248,-0.384640985604404,-0.14005066248325182,1.0,
nisqa,local_residual_mondrian_k25,macro_across_datasets,20,-0.00709253831417625,-0.3542929993971326,-0.29511281646959736,0.057142852073144366,-0.4540232948294142,-0.19719365369292685,1.0,
nisqa,local_residual_mondrian_k50,macro_across_datasets,20,-0.006913209375704309,-0.3673250422035436,-0.3045369171024511,0.059770853513591966,-0.47302305075520196,-0.2228086932700417,1.0,
nisqa,local_residual_normalized_k10,macro_across_datasets,20,-0.020442501126887537,-0.35066904239603924,-0.20152699478470176,0.07837240916694219,-0.38352238050623016,-0.07855619205689364,1.0,
nisqa,local_residual_normalized_k25,macro_across_datasets,20,-0.01317306738787469,-0.41395134672124045,-0.31292407969377767,0.06534726805962462,-0.49717844534959266,-0.1973653560733737,1.0,
nisqa,local_residual_normalized_k50,macro_across_datasets,20,-0.0083753414469236,-0.41991022467124334,-0.3448745504449572,0.05475251511567263,-0.5112890610203216,-0.2733268148833638,1.0,
nisqa,mahalanobis_mondrian,macro_across_datasets,20,-0.025934078205995047,-0.4153306423955027,-0.2508452596523528,0.0429266121440193,-0.3398780016603868,-0.18748042246238694,1.0,
nisqa,mos_extremity_mondrian,macro_across_datasets,20,-0.003596365787694387,-0.07831359972893183,-0.028982972642821396,0.03312314169218849,-0.09474443438858333,0.03129596972016032,0.8,
nisqa,predicted_mos_mondrian,macro_across_datasets,20,-0.0011094393734505299,0.0020698855742920523,0.011350354536533977,0.03943939270901455,-0.06546427618769719,0.09110988753341664,0.45,
utmos,local_residual_mondrian_k10,macro_across_datasets,20,-0.008050380887987381,-0.05499843628242314,0.06330505334401684,0.08133780457755473,-0.04226308414380712,0.25784145462140323,0.2,
utmos,local_residual_mondrian_k25,macro_across_datasets,20,0.0031416886409736332,-0.020864860092062582,0.000685230320658092,0.06951164747312076,-0.11557068580972296,0.15631101628390684,0.5,
utmos,local_residual_mondrian_k50,macro_across_datasets,20,0.010108032454361052,-0.00795872197492932,-0.05164713343579761,0.05288251289075596,-0.15765067053527101,0.029307629031981215,0.75,
utmos,local_residual_normalized_k10,macro_across_datasets,20,-0.02306780820374127,-0.08690147668649113,0.2428109073498342,0.14662566527659995,-0.03433073461774239,0.5594942202361318,0.05,
utmos,local_residual_normalized_k25,macro_across_datasets,20,-0.007588061189993241,-0.07530655087218513,0.037277926307149274,0.08736582844035527,-0.10999907493614954,0.19121441146559884,0.3,
utmos,local_residual_normalized_k50,macro_across_datasets,20,-0.0016657003606040098,-0.0592173109666264,-0.024032797032163173,0.05725938183201047,-0.09637493020449554,0.15834856781628023,0.75,
utmos,mahalanobis_mondrian,macro_across_datasets,20,0.014189719405003378,0.07722170656381117,-0.027474292706728055,0.05106686221284198,-0.11474568458896577,0.05931571487090803,0.7,
utmos,mos_extremity_mondrian,macro_across_datasets,20,0.0024866176470588245,0.021939061848797535,0.013429104773530761,0.08314257807480847,-0.12037937905775793,0.2767892393464168,0.55,
utmos,predicted_mos_mondrian,macro_across_datasets,20,0.030933628577867932,0.156291915848952,-0.1099929495356811,0.059447862955539325,-0.27183228079803573,0.010250078977177926,0.95,
dnsmos,mahalanobis_mondrian,per_dataset,20,0.005640000000000017,0.009794909620285019,0.007759792184829717,0.013728442566652968,-0.009918054580688285,0.04844443511962915,0.35,nisqa_val_sim
dnsmos,predicted_mos_mondrian,per_dataset,20,0.006039999999999995,0.021294409828186044,0.01016416128158575,0.021821345910794356,-0.01814853649139403,0.06283851890563952,0.4,nisqa_val_sim
dnsmos,mos_extremity_mondrian,per_dataset,20,0.0043599999999999976,0.04077610655784605,-0.0006639462375640504,0.018862221934018514,-0.0285177236557006,0.03928722038269061,0.55,nisqa_val_sim
dnsmos,local_residual_mondrian_k10,per_dataset,20,0.005199999999999999,0.018226603059768687,0.008618572359085142,0.01757903055293624,-0.01866715698242194,0.04775503692626959,0.4,nisqa_val_sim
dnsmos,local_residual_normalized_k10,per_dataset,20,0.002720000000000006,0.1039511169054775,0.20119953192665693,0.06793766485257066,0.08505145735514219,0.36014630435575024,0.0,nisqa_val_sim
dnsmos,local_residual_mondrian_k25,per_dataset,20,0.0035999999999999977,-0.0001099801158904734,0.006149092283248936,0.017229262374821325,-0.03404323291778555,0.03050671424865703,0.3,nisqa_val_sim
dnsmos,local_residual_normalized_k25,per_dataset,20,0.00248000000000001,-0.00801854456722706,0.055463692736694645,0.04406261078611106,-0.004647191177837406,0.1468903321796171,0.05,nisqa_val_sim
dnsmos,local_residual_mondrian_k50,per_dataset,20,0.005479999999999996,2.471806526185283e-05,0.0052864472103119065,0.03004624877624378,-0.03362721977233907,0.08112742595672628,0.6,nisqa_val_sim
dnsmos,local_residual_normalized_k50,per_dataset,20,-0.0010799999999999976,-0.03913733270657997,0.0122614121596057,0.03135124221379293,-0.042175405109607045,0.06612015843927566,0.4,nisqa_val_sim
dnsmos,mahalanobis_mondrian,per_dataset,20,-0.006421568627451024,-0.0993852887200374,-0.08323337068744734,0.055740571868348486,-0.2422192073335836,0.03696640192293632,0.95,nisqa_train_live
dnsmos,predicted_mos_mondrian,per_dataset,20,-0.010784313725490246,-0.1311018107919132,-0.09310303117714684,0.09876428115195422,-0.2938932194429289,0.049658082513248214,0.9,nisqa_train_live
dnsmos,mos_extremity_mondrian,per_dataset,20,-0.009264705882353003,-0.08506040479622637,-0.05372613119144065,0.04452782954943907,-0.1730165631163354,0.0034836238505793204,0.95,nisqa_train_live
dnsmos,local_residual_mondrian_k10,per_dataset,20,-0.0016176470588235349,-0.003183033255969736,0.0015292840144213392,0.048131123454769574,-0.09407876379349656,0.1095654207117418,0.45,nisqa_train_live
dnsmos,local_residual_normalized_k10,per_dataset,20,-0.014117647058823573,-0.03904762301221794,0.02978047497339764,0.13529857934287387,-0.18657661483061272,0.3144287560447516,0.5,nisqa_train_live
dnsmos,local_residual_mondrian_k25,per_dataset,20,-0.002450980392156876,-0.027649641539536286,-0.016809432331253538,0.052199999171391835,-0.12969002583447642,0.07179928176543315,0.6,nisqa_train_live
dnsmos,local_residual_normalized_k25,per_dataset,20,-0.010049019607843185,-0.0971792261863007,-0.055247569333264246,0.12398951101084796,-0.2816386158690909,0.16962398145450486,0.7,nisqa_train_live
dnsmos,local_residual_mondrian_k50,per_dataset,20,-0.0032352941176470697,-0.02915773402242101,-0.01807848377555028,0.07561033245554127,-0.2210764333313584,0.10246044467477278,0.55,nisqa_train_live
dnsmos,local_residual_normalized_k50,per_dataset,20,-0.007696078431372588,-0.10611925314178591,-0.07933418197196998,0.10100566977972335,-0.30042671571149704,0.09988992730780932,0.8,nisqa_train_live
dnsmos,mahalanobis_mondrian,per_dataset,20,-0.0040000000000000036,-0.0883559929728508,-0.08352025264501572,0.0614692444518781,-0.26680998563766467,0.012868137359619336,0.9,nisqa_val_live
dnsmos,predicted_mos_mondrian,per_dataset,20,-0.005500000000000005,-0.12313933396339416,-0.11500708842277522,0.12492461233840876,-0.3818099689483643,0.05822312593460088,0.8,nisqa_val_live
dnsmos,mos_extremity_mondrian,per_dataset,20,-0.005500000000000005,-0.07107603120803836,-0.06411751079559325,0.049285671582392734,-0.2072891879081724,-0.006379386186599945,1.0,nisqa_val_live
dnsmos,local_residual_mondrian_k10,per_dataset,20,-0.002250000000000002,-0.007282162606716125,-0.004280800521373762,0.05514007348543196,-0.1251930665969847,0.11524112701416023,0.45,nisqa_val_live
dnsmos,local_residual_normalized_k10,per_dataset,20,-0.012500000000000011,-0.06589857103306651,-0.021974960781683282,0.1551796249562291,-0.32101810056918234,0.28797500942525156,0.65,nisqa_val_live
dnsmos,local_residual_mondrian_k25,per_dataset,20,-0.0025000000000000022,-0.02964064812660221,-0.024426048159599322,0.06114663534067833,-0.18606500864028952,0.08364580512046826,0.7,nisqa_val_live
dnsmos,local_residual_normalized_k25,per_dataset,20,-0.0062500000000000056,-0.10554632202650512,-0.0838734514932662,0.13911139836138292,-0.36655515521056037,0.18834434071656414,0.75,nisqa_val_live
dnsmos,local_residual_mondrian_k50,per_dataset,20,-0.003250000000000003,-0.028277323842048598,-0.021297752261161818,0.0859316367456168,-0.26095979690551774,0.0929955995082854,0.45,nisqa_val_live
dnsmos,local_residual_normalized_k50,per_dataset,20,-0.0050000000000000044,-0.11050833731983825,-0.09394231874800865,0.1110464262460545,-0.3377431233523307,0.09746295371717295,0.8,nisqa_val_live
dnsmos,mahalanobis_mondrian,per_dataset,20,-0.010208333333333347,-0.04624855235219001,-0.04390219415227574,0.027779810135250074,-0.07425520618756609,0.025358275572458844,0.9,nisqa_test_for
dnsmos,predicted_mos_mondrian,per_dataset,20,0.006041666666666645,0.006373442808787022,-0.06038480689128247,0.0299614948047528,-0.10725927154223136,-0.0037312606970472117,1.0,nisqa_test_for
dnsmos,mos_extremity_mondrian,per_dataset,20,0.015833333333333317,0.046059630513191216,-0.06381240069866179,0.058403535043202254,-0.1540405760208765,0.06925094326337167,0.85,nisqa_test_for
dnsmos,local_residual_mondrian_k10,per_dataset,20,0.004791666666666644,0.028195396314064647,-0.0010615679124991173,0.029654290275892423,-0.046541690826416016,0.06984901328881588,0.45,nisqa_test_for
dnsmos,local_residual_normalized_k10,per_dataset,20,0.010416666666666647,0.1499931878687488,0.15080864858287774,0.07170409340015756,0.027707046049505024,0.3067099049472022,0.0,nisqa_test_for
dnsmos,local_residual_mondrian_k25,per_dataset,20,0.0012499999999999844,0.010737285713354772,-0.010077574650446586,0.03330503763824658,-0.0492337405681611,0.06581992208957654,0.6,nisqa_test_for
dnsmos,local_residual_normalized_k25,per_dataset,20,0.004166666666666652,0.016359200896042658,-0.0067649552241398235,0.07608120055517832,-0.09896755895672094,0.19201450690681465,0.65,nisqa_test_for
dnsmos,local_residual_mondrian_k50,per_dataset,20,0.003958333333333319,0.011705237974723226,-0.030910650541384997,0.04014782786681528,-0.09078575770060215,0.05931859215100621,0.75,nisqa_test_for
dnsmos,local_residual_normalized_k50,per_dataset,20,-0.003125000000000011,-0.03604001598662181,-0.03882842515323277,0.05302838519659172,-0.15415892668560227,0.05619506525640183,0.8,nisqa_test_for
dnsmos,mahalanobis_mondrian,per_dataset,20,-0.010991379310344846,-0.10559096675494617,-0.036174749505930914,0.023085758594134732,-0.05640204816029026,0.04542914752302529,0.95,nisqa_test_livetalk
dnsmos,predicted_mos_mondrian,per_dataset,20,-0.007974137931034497,-0.07453340250870275,-0.04762478131672436,0.02247241821137093,-0.08355949767704685,0.0003414236266037207,0.95,nisqa_test_livetalk
dnsmos,mos_extremity_mondrian,per_dataset,20,-0.004525862068965547,-0.03887217229810258,-0.03996729100572653,0.01621255308279965,-0.06820825564450228,0.001456353171118252,0.95,nisqa_test_livetalk
dnsmos,local_residual_mondrian_k10,per_dataset,20,-0.0017241379310345083,0.014522668924824966,0.007952243397975756,0.02496697999487548,-0.04311512770323933,0.061462836018923994,0.35,nisqa_test_livetalk
dnsmos,local_residual_normalized_k10,per_dataset,20,-0.029094827586206917,0.09350021343035478,0.19666074039355544,0.11377096026320112,0.012429742416481204,0.4280209271737778,0.0,nisqa_test_livetalk
dnsmos,local_residual_mondrian_k25,per_dataset,20,-0.004094827586206912,0.004771704869023697,0.018918085252416516,0.026175324286796833,-0.021243107729945088,0.08155584438093744,0.2,nisqa_test_livetalk
dnsmos,local_residual_normalized_k25,per_dataset,20,-0.02478448275862072,-0.024674121033710982,0.06737556225205683,0.07660980946699252,-0.07259865971802038,0.1758969592604802,0.2,nisqa_test_livetalk
dnsmos,local_residual_mondrian_k50,per_dataset,20,-0.0036637931034482927,0.006977520780316726,0.014472388655974954,0.035823701646611125,-0.04750785231590271,0.07657914326108717,0.3,nisqa_test_livetalk
dnsmos,local_residual_normalized_k50,per_dataset,20,-0.016594827586206923,-0.060948296798464786,-0.009945305584495157,0.04817729667267188,-0.08262243835141803,0.08395355637454927,0.65,nisqa_test_livetalk
dnsmos,mahalanobis_mondrian,per_dataset,20,0.008958333333333351,0.0039466008047263305,0.017252674649159094,0.024141630478475087,-0.02561649481455497,0.0829642117023468,0.2,nisqa_test_p501
dnsmos,predicted_mos_mondrian,per_dataset,20,0.0006250000000000089,0.03722547714908917,0.028760736435651735,0.07711687657874762,-0.03925459583600377,0.20145774483680734,0.55,nisqa_test_p501
dnsmos,mos_extremity_mondrian,per_dataset,20,0.0025000000000000187,0.04977342893679939,0.014098797341187751,0.04119669193241635,-0.02945841948191319,0.1387600024541218,0.45,nisqa_test_p501
dnsmos,local_residual_mondrian_k10,per_dataset,20,0.007500000000000012,0.033079736183086995,0.010130331665277482,0.032747235183927276,-0.034539403518040857,0.079986290136973,0.45,nisqa_test_p501
dnsmos,local_residual_normalized_k10,per_dataset,20,0.016250000000000014,0.21676315382608707,0.24863128116530286,0.10404643290267833,0.09023065039707934,0.5702153151842904,0.0,nisqa_test_p501
dnsmos,local_residual_mondrian_k25,per_dataset,20,0.00979166666666667,0.030499739398558923,0.011325400024652455,0.03742130913769378,-0.040594119826952824,0.11989834904670715,0.4,nisqa_test_p501
dnsmos,local_residual_normalized_k25,per_dataset,20,0.008541666666666675,0.07425636327876346,0.0872455980557451,0.06920190366141069,-0.04447029098336008,0.2134332423010603,0.15,nisqa_test_p501
dnsmos,local_residual_mondrian_k50,per_dataset,20,0.006041666666666679,0.04172160153587658,0.030216023077567388,0.0346587278572644,-0.0385183374087017,0.10159544448057778,0.2,nisqa_test_p501
dnsmos,local_residual_normalized_k50,per_dataset,20,0.0010416666666666797,0.024404950977371408,0.05554474573239847,0.06490905538037905,-0.0980558571181187,0.17765174044578425,0.25,nisqa_test_p501
nisqa,mahalanobis_mondrian,per_dataset,20,0.005559999999999993,-0.025664804973602285,-0.05106892618179319,0.02917195891923201,-0.09719753036499013,0.002182229232788213,0.9,nisqa_val_sim
nisqa,predicted_mos_mondrian,per_dataset,20,0.005239999999999983,-0.07386642838478082,-0.16950255776405337,0.024532965796933755,-0.21025678024291983,-0.12182658500671417,1.0,nisqa_val_sim
nisqa,mos_extremity_mondrian,per_dataset,20,0.005399999999999988,-0.06426552199363708,-0.09735498136520385,0.02767852454320949,-0.14499716339111313,-0.03992892150878902,1.0,nisqa_val_sim
nisqa,local_residual_mondrian_k10,per_dataset,20,0.0024399999999999977,-0.24755844092369078,-0.2757974036693573,0.03548319584089856,-0.3511230674743655,-0.21754015007019056,1.0,nisqa_val_sim
nisqa,local_residual_normalized_k10,per_dataset,20,-0.000720000000000004,-0.22429421582758988,-0.22091521086938082,0.07169381682926783,-0.34073799240814173,-0.06112094043921834,1.0,nisqa_val_sim
nisqa,local_residual_mondrian_k25,per_dataset,20,0.004360000000000014,-0.26910817437171936,-0.2973403241634368,0.0399575658377891,-0.3745949106216431,-0.22160436553955076,1.0,nisqa_val_sim
nisqa,local_residual_normalized_k25,per_dataset,20,-0.00020000000000000017,-0.30601893539916275,-0.3061650346322876,0.05032522039691019,-0.3961922492419965,-0.19670308074046616,1.0,nisqa_val_sim
nisqa,local_residual_mondrian_k50,per_dataset,20,0.001919999999999994,-0.27576886062622075,-0.2961793448448181,0.04005418284849752,-0.36521414756774906,-0.21728317794799823,1.0,nisqa_val_sim
nisqa,local_residual_normalized_k50,per_dataset,20,-0.0003199999999999981,-0.31900631149440334,-0.3270098861946612,0.04072306831368571,-0.38399654719245957,-0.227055075400584,1.0,nisqa_val_sim
nisqa,mahalanobis_mondrian,per_dataset,20,-0.03519607843137258,-0.6255597123328377,-0.4712741402434368,0.07684487594200877,-0.6132498280674805,-0.32349457086301303,1.0,nisqa_train_live
nisqa,predicted_mos_mondrian,per_dataset,20,-0.0046078431372549135,0.09683132504715637,0.12219827356291749,0.06744826036202299,-0.008150059101628582,0.23270978997735403,0.05,nisqa_train_live
nisqa,mos_extremity_mondrian,per_dataset,20,-0.0061764705882353,-0.06426021981473058,-0.03513808003827643,0.05841237832030578,-0.14028398476394965,0.08591138288086553,0.8,nisqa_train_live
nisqa,local_residual_mondrian_k10,per_dataset,20,-0.02500000000000003,-0.5294245148756923,-0.4139536180098851,0.13377918646516834,-0.7049164253122666,-0.2219470575744027,1.0,nisqa_train_live
nisqa,local_residual_normalized_k10,per_dataset,20,-0.048235294117647085,-0.6599703828739693,-0.4518937327702049,0.13826431847544793,-0.7585450586685032,-0.1619238659585318,1.0,nisqa_train_live
nisqa,local_residual_mondrian_k25,per_dataset,20,-0.023333333333333373,-0.5748121853669484,-0.465628135508182,0.11053051381578696,-0.7580454742207245,-0.3345896014980241,1.0,nisqa_train_live
nisqa,local_residual_normalized_k25,per_dataset,20,-0.03480392156862747,-0.7047941324035314,-0.546199920125167,0.11305398570396644,-0.8197581929328015,-0.39910588595645535,1.0,nisqa_train_live
nisqa,local_residual_mondrian_k50,per_dataset,20,-0.025784313725490227,-0.6191669080771653,-0.5023980359236397,0.10811592459882471,-0.7392461173674638,-0.3579485795077155,1.0,nisqa_train_live
nisqa,local_residual_normalized_k50,per_dataset,20,-0.028627450980392183,-0.6941063644541877,-0.5623035044338593,0.09517233608852946,-0.8030491420239838,-0.44565723692822656,1.0,nisqa_train_live
nisqa,mahalanobis_mondrian,per_dataset,20,-0.014000000000000007,-0.6297174179553985,-0.5376750302314759,0.10085685831521544,-0.707839651107788,-0.3586472821235658,1.0,nisqa_val_live
nisqa,predicted_mos_mondrian,per_dataset,20,-0.0005000000000000004,0.1759173431992531,0.18885950118303305,0.07155843971343726,0.07309768676757811,0.3208706653118134,0.0,nisqa_val_live
nisqa,mos_extremity_mondrian,per_dataset,20,-0.0030000000000000027,-0.018943487286567695,-0.00123365151882171,0.05645510244506896,-0.09568314075469964,0.1317537689208983,0.55,nisqa_val_live
nisqa,local_residual_mondrian_k10,per_dataset,20,-0.018500000000000016,-0.4782384030222892,-0.40875875157117836,0.14860527175319818,-0.7640668463706972,-0.22661267995834322,1.0,nisqa_val_live
nisqa,local_residual_normalized_k10,per_dataset,20,-0.03625000000000002,-0.5876154143515798,-0.44133649162468747,0.16667644195440512,-0.8514473065116581,-0.09184683914072345,1.0,nisqa_val_live
nisqa,local_residual_mondrian_k25,per_dataset,20,-0.019250000000000017,-0.5231898244023323,-0.4500097807049751,0.12890142189012777,-0.8226947176456454,-0.28168178796768206,1.0,nisqa_val_live
nisqa,local_residual_normalized_k25,per_dataset,20,-0.026750000000000024,-0.651676534626241,-0.5408703441545452,0.1314399618155201,-0.9057480281794676,-0.3587673377421554,1.0,nisqa_val_live
nisqa,local_residual_mondrian_k50,per_dataset,20,-0.020000000000000018,-0.5721102159619331,-0.48855035179853445,0.13148491530976153,-0.7799370455741883,-0.2932464146614078,1.0,nisqa_val_live
nisqa,local_residual_normalized_k50,per_dataset,20,-0.02300000000000002,-0.6526946412923168,-0.5597131938031784,0.11503010710124956,-0.8587253441366047,-0.3847740279695335,1.0,nisqa_val_live
nisqa,mahalanobis_mondrian,per_dataset,20,-0.00500000000000001,-0.3064452376465002,-0.15590800359845164,0.03310928154880472,-0.21884714464346589,-0.09404119352499629,1.0,nisqa_test_for
nisqa,predicted_mos_mondrian,per_dataset,20,0.0022916666666666476,-0.1633753121395905,-0.10469135796030367,0.05321962582838641,-0.19040514330069236,0.0326829602320986,0.95,nisqa_test_for
nisqa,mos_extremity_mondrian,per_dataset,20,-0.0004166666666666763,-0.25071909174323076,-0.0867464601496855,0.06302021677924187,-0.23338885108629848,0.025439646840095254,0.9,nisqa_test_for
nisqa,local_residual_mondrian_k10,per_dataset,20,0.0014583333333333115,-0.36713744600613907,-0.26406975736220684,0.1013877654129775,-0.4191467285156252,-0.050291184584299486,1.0,nisqa_test_for
nisqa,local_residual_normalized_k10,per_dataset,20,-0.0043750000000000126,-0.39638367071259184,-0.21799839576058613,0.10471261701054747,-0.419363686871288,0.003995733151699543,0.95,nisqa_test_for
nisqa,local_residual_mondrian_k25,per_dataset,20,0.006041666666666645,-0.3926940433681011,-0.35460145349303884,0.07779877691511729,-0.5302699098984403,-0.22401768068472538,1.0,nisqa_test_for
nisqa,local_residual_normalized_k25,per_dataset,20,0.0014583333333333226,-0.44468215807997263,-0.36981785359886904,0.07927495702293141,-0.4873909469069284,-0.24432665222217542,1.0,nisqa_test_for
nisqa,local_residual_mondrian_k50,per_dataset,20,0.008958333333333318,-0.39395802875359864,-0.3708340511719387,0.08447446336459036,-0.517106040318807,-0.12499171197414416,1.0,nisqa_test_for
nisqa,local_residual_normalized_k50,per_dataset,20,0.00791666666666666,-0.4424308198746726,-0.3967971480729811,0.05987674216639585,-0.5112675545190095,-0.2953957945138219,1.0,nisqa_test_for
nisqa,mahalanobis_mondrian,per_dataset,20,-0.05905172413793101,-0.5806047758151743,-0.1441493425903649,0.0892900064557536,-0.2225713236578577,0.18415860266521022,0.95,nisqa_test_livetalk
nisqa,predicted_mos_mondrian,per_dataset,20,0.008836206896551757,0.0270416707314294,0.07273615244133716,0.06636453137053831,-0.030362228895055576,0.23285473934535306,0.2,nisqa_test_livetalk
nisqa,mos_extremity_mondrian,per_dataset,20,-0.002801724137931022,-0.01011822007853409,0.06937986951449823,0.05421090654771624,-0.03926499342096257,0.16282124457688196,0.15,nisqa_test_livetalk
nisqa,local_residual_mondrian_k10,per_dataset,20,-0.00818965517241375,-0.13446153196795235,0.0823672705683215,0.07888994704575386,-0.10847240172583472,0.1918063245970627,0.2,nisqa_test_livetalk
nisqa,local_residual_normalized_k10,per_dataset,20,-0.0234913793103448,-0.050634049503556565,0.29375996674960325,0.16569144756485457,-0.044113626256738314,0.5633377733572664,0.05,nisqa_test_livetalk
nisqa,local_residual_mondrian_k25,per_dataset,20,-0.0049568965517241045,-0.12347840620525949,0.07599750803462395,0.049769521677662416,-0.03950002172897582,0.13893993044721675,0.1,nisqa_test_livetalk
nisqa,local_residual_normalized_k25,per_dataset,20,-0.012284482758620652,-0.12063122076988897,0.15331586431727748,0.11314638626989275,-0.04947457484180573,0.41599885349435395,0.05,nisqa_test_livetalk
nisqa,local_residual_mondrian_k50,per_dataset,20,-0.003448275862068928,-0.10949096957157403,0.09757883487076598,0.06965780452924925,-0.0535411526416909,0.24958992929294155,0.05,nisqa_test_livetalk
nisqa,local_residual_normalized_k50,per_dataset,20,-0.0053879310344827295,-0.1465206945530145,0.07927968816678829,0.07690564282059792,-0.06387901115411054,0.2184615948897788,0.15,nisqa_test_livetalk
nisqa,mahalanobis_mondrian,per_dataset,20,-0.04791666666666667,-0.32399190564950303,-0.14499611506859472,0.06608585832901033,-0.24130283395449315,0.03391504387060795,0.95,nisqa_test_p501
nisqa,predicted_mos_mondrian,per_dataset,20,-0.017916666666666654,-0.05012928500771523,-0.0414978842437268,0.0523533272080295,-0.14672693510850277,0.06680667102336857,0.8,nisqa_test_p501
nisqa,mos_extremity_mondrian,per_dataset,20,-0.01458333333333331,-0.06157505745689076,-0.02280453229943915,0.0433449899815131,-0.12174263099829341,0.04804529448350259,0.7,nisqa_test_p501
nisqa,local_residual_mondrian_k10,per_dataset,20,-0.002291666666666664,-0.23251554424564042,-0.2759014303982258,0.0809395484504458,-0.3931574980417887,-0.0831811636686326,1.0,nisqa_test_p501
nisqa,local_residual_normalized_k10,per_dataset,20,-0.00958333333333331,-0.18511652110694782,-0.17077810443295457,0.1064411432499498,-0.36712106181317683,0.053711505245606084,0.9,nisqa_test_p501
nisqa,local_residual_mondrian_k25,per_dataset,20,-0.005416666666666664,-0.24247536266843478,-0.2790947129825751,0.06092017959146047,-0.3737691352764765,-0.12365333338578566,1.0,nisqa_test_p501
nisqa,local_residual_normalized_k25,per_dataset,20,-0.006458333333333327,-0.2559050990486461,-0.26780718996907454,0.09222462089969106,-0.3886021269163562,-0.030366657196936764,1.0,nisqa_test_p501
nisqa,local_residual_mondrian_k50,per_dataset,20,-0.0031249999999999945,-0.23345527023077012,-0.2668385537465414,0.06645955176823404,-0.4019814620415372,-0.18285145163536098,1.0,nisqa_test_p501
nisqa,local_residual_normalized_k50,per_dataset,20,-0.0008333333333333304,-0.26470251635886555,-0.30270325833185086,0.06758785481823754,-0.4491735412678115,-0.1937150557658165,1.0,nisqa_test_p501
utmos,mahalanobis_mondrian,per_dataset,20,0.006079999999999991,0.061254176445007344,0.01978984748840338,0.023123476817292078,-0.009505639076233141,0.0750016769409183,0.15,nisqa_val_sim
utmos,predicted_mos_mondrian,per_dataset,20,0.0038800000000000223,0.05253748893737795,-0.04951476812362665,0.025144487673187724,-0.07868972854614231,0.011650683021545483,0.95,nisqa_val_sim
utmos,mos_extremity_mondrian,per_dataset,20,0.005280000000000002,0.04167705610275265,0.010597712783813518,0.02835911521946108,-0.046477986335754284,0.08981387996673584,0.3,nisqa_val_sim
utmos,local_residual_mondrian_k10,per_dataset,20,0.0034799999999999996,0.005719762201309209,-0.06074946825981133,0.029490119917833818,-0.10435065879821748,-0.012161451339721463,1.0,nisqa_val_sim
utmos,local_residual_normalized_k10,per_dataset,20,0.0008799999999999919,0.039879665079662695,-0.012333483636515296,0.05455548204944857,-0.11882928764066447,0.14522004554645074,0.7,nisqa_val_sim
utmos,local_residual_mondrian_k25,per_dataset,20,0.004680000000000012,0.011404012308120692,-0.05958809966087335,0.023178552298503297,-0.10102744827270493,-0.01377378921508754,1.0,nisqa_val_sim
utmos,local_residual_normalized_k25,per_dataset,20,0.001479999999999998,-0.02601917693829927,-0.08137990074885382,0.030701372330850334,-0.13547118220719634,0.011025923590721298,0.95,nisqa_val_sim
utmos,local_residual_mondrian_k50,per_dataset,20,0.0029200000000000003,-0.0010026560306548803,-0.06356398205757137,0.028376904076766348,-0.10286077156066886,0.008806147003173947,0.95,nisqa_val_sim
utmos,local_residual_normalized_k50,per_dataset,20,-0.0021999999999999962,-0.03803010609692228,-0.08263884667146564,0.02895304131845431,-0.13545895770011018,5.465698664819385e-05,0.95,nisqa_val_sim
utmos,mahalanobis_mondrian,per_dataset,20,0.0177450980392157,0.0878291866007973,-0.03724818829227894,0.07174209931809072,-0.17286581151625668,0.10217607956306596,0.65,nisqa_train_live
utmos,predicted_mos_mondrian,per_dataset,20,0.04431372549019609,0.20003424224900263,-0.09633737654078237,0.11004033263671445,-0.4045171288882985,0.09411920145446162,0.85,nisqa_train_live
utmos,mos_extremity_mondrian,per_dataset,20,-0.0024019607843137,0.024447781642278045,0.06981503341712207,0.1689537474615612,-0.18921698238335383,0.6450521443404402,0.3,nisqa_train_live
utmos,local_residual_mondrian_k10,per_dataset,20,-0.018529411764705867,-0.11865369321084492,0.09678055369386493,0.11331506736450893,-0.06977222643646552,0.3439607582840267,0.2,nisqa_train_live
utmos,local_residual_normalized_k10,per_dataset,20,-0.05401960784313725,-0.22755242497297487,0.3723522610152404,0.2844231545720971,-0.03782692750040351,1.0331951028884903,0.05,nisqa_train_live
utmos,local_residual_mondrian_k25,per_dataset,20,-0.007745098039215676,-0.09086293566460699,0.03363376972722083,0.12030851885559009,-0.17277138350056642,0.2718242439569214,0.45,nisqa_train_live
utmos,local_residual_normalized_k25,per_dataset,20,-0.029509803921568618,-0.17208819634852085,0.10969127931948526,0.1731072891131732,-0.13972038904556472,0.4351814928493094,0.3,nisqa_train_live
utmos,local_residual_mondrian_k50,per_dataset,20,-0.008823529411764707,-0.09341997236597768,0.04602798689814176,0.09111803993394026,-0.119096032077191,0.20433503295861,0.3,nisqa_train_live
utmos,local_residual_normalized_k50,per_dataset,20,-0.02573529411764705,-0.15067692645789443,0.10455336518156835,0.11426461102369172,-0.08489688852550037,0.37957354120811093,0.15,nisqa_train_live
utmos,mahalanobis_mondrian,per_dataset,20,0.018999999999999996,0.08778690016269686,-0.07058358335494994,0.08135771166827332,-0.21373162388801603,0.060810434818267645,0.8,nisqa_val_live
utmos,predicted_mos_mondrian,per_dataset,20,0.039749999999999994,0.2071307662129402,-0.14546616524457937,0.13426516754426454,-0.5162722492218017,0.10987718582153327,0.9,nisqa_val_live
utmos,mos_extremity_mondrian,per_dataset,20,-0.012750000000000022,0.012964896559715245,0.10902576029300692,0.18911190723619645,-0.24068243265151956,0.6416671109199523,0.2,nisqa_val_live
utmos,local_residual_mondrian_k10,per_dataset,20,-0.020250000000000018,-0.13685970032215117,0.12341138994693754,0.17417471915754637,-0.09542167663574208,0.4670471775531766,0.25,nisqa_val_live
utmos,local_residual_normalized_k10,per_dataset,20,-0.04850000000000002,-0.26363441493683576,0.3566951129525273,0.3209868356558277,-0.07198974361360166,1.0604535647478808,0.2,nisqa_val_live
utmos,local_residual_mondrian_k25,per_dataset,20,-0.004500000000000004,-0.10744119870662687,0.009388998270034832,0.15773205386716166,-0.27015363454818697,0.28396170139312726,0.5,nisqa_val_live
utmos,local_residual_normalized_k25,per_dataset,20,-0.021500000000000012,-0.18988653044240777,0.08942468360235752,0.21439908849061234,-0.26247280404793427,0.48553299300958086,0.4,nisqa_val_live
utmos,local_residual_mondrian_k50,per_dataset,20,0.010000000000000004,-0.09899917161464689,-0.10976788318157196,0.15945946394242722,-0.3145019161701206,0.2405746245384215,0.75,nisqa_val_live
utmos,local_residual_normalized_k50,per_dataset,20,-0.011750000000000005,-0.15486928537305034,-0.008419762815257248,0.16841135807408814,-0.21438605583099424,0.45740390149567833,0.7,nisqa_val_live
utmos,mahalanobis_mondrian,per_dataset,20,0.003333333333333355,0.0579081636170546,0.03511959428588547,0.036770686211467056,-0.0034598122040430113,0.11746838986873653,0.15,nisqa_test_for
utmos,predicted_mos_mondrian,per_dataset,20,0.024166666666666677,0.22600946957866358,0.1030408713718255,0.06484154807287772,-0.030198049545288264,0.21778632402420062,0.05,nisqa_test_for
utmos,mos_extremity_mondrian,per_dataset,20,0.0027083333333333516,0.021784170617659825,0.00441981866955754,0.020139393816315212,-0.020489476124445627,0.04414718051751443,0.55,nisqa_test_for
utmos,local_residual_mondrian_k10,per_dataset,20,-0.0024999999999999857,-0.014007682601610828,0.03351744512716923,0.06014109726647961,-0.07514528830846157,0.1646221061547597,0.3,nisqa_test_for
utmos,local_residual_normalized_k10,per_dataset,20,-0.01145833333333331,-0.0019137455989547858,0.14316825985312617,0.09325035779933612,0.01994951663179023,0.40528786039447295,0.0,nisqa_test_for
utmos,local_residual_mondrian_k25,per_dataset,20,0.005208333333333354,0.06114405284325282,0.06119771987199778,0.05589612966312768,-0.0438693692286809,0.16592212319374067,0.15,nisqa_test_for
utmos,local_residual_normalized_k25,per_dataset,20,0.002916666666666695,0.02977301126443983,0.0478458798305607,0.054748028231875356,-0.04229113476996327,0.1733922798098213,0.15,nisqa_test_for
utmos,local_residual_mondrian_k50,per_dataset,20,0.013125000000000015,0.09495086684823036,0.07122717166940362,0.05223422512889236,-0.03430434266726179,0.14592063029607116,0.15,nisqa_test_for
utmos,local_residual_normalized_k50,per_dataset,20,0.009583333333333366,0.03558749281909888,0.02845914107322014,0.0395353458428777,-0.053801915368017816,0.12569479977089504,0.25,nisqa_test_for
utmos,mahalanobis_mondrian,per_dataset,20,0.025646551724137913,0.08447640651258925,-0.148947510945386,0.13038927331648917,-0.3538932851676284,0.14843479723765896,0.8,nisqa_test_livetalk
utmos,predicted_mos_mondrian,per_dataset,20,0.07349137931034481,0.235672210876284,-0.5041781668519153,0.13994207776004167,-0.8184577740471939,-0.24243567935351695,1.0,nisqa_test_livetalk
utmos,mos_extremity_mondrian,per_dataset,20,0.006249999999999994,0.013308337690501349,-0.06033014208078393,0.14854428056924449,-0.37894908107560266,0.21278817489229418,0.65,nisqa_test_livetalk
utmos,local_residual_mondrian_k10,per_dataset,20,-0.00883620689655174,-0.03171309725991613,0.13828872863588657,0.24543609572025718,-0.32512793047674826,0.7120287089512267,0.25,nisqa_test_livetalk
utmos,local_residual_normalized_k10,per_dataset,20,-0.009267241379310365,-0.02794323077190347,0.4336870606288561,0.350331334844701,-0.23995070883808545,1.0682353051157198,0.1,nisqa_test_livetalk
utmos,local_residual_mondrian_k25,per_dataset,20,0.01745689655172412,0.019987612962722758,-0.06308157587873527,0.21410453629993423,-0.39996836925375057,0.3491458132349212,0.6,nisqa_test_livetalk
utmos,local_residual_normalized_k25,per_dataset,20,0.007543103448275845,-0.02209843567464198,0.030025704220561656,0.22920605326355736,-0.3225518796501632,0.3768203502516112,0.5,nisqa_test_livetalk
utmos,local_residual_mondrian_k50,per_dataset,20,0.03405172413793102,0.06497602812175092,-0.24711643642392653,0.18808233611015732,-0.5590483361277085,0.06449400762031843,0.85,nisqa_test_livetalk
utmos,local_residual_normalized_k50,per_dataset,20,0.01573275862068963,0.005070998133547433,-0.16498632775235408,0.1735178899275435,-0.43320253652152996,0.26400556333828007,0.9,nisqa_test_livetalk
utmos,mahalanobis_mondrian,per_dataset,20,0.013333333333333336,0.0840754060447216,0.037024084577957715,0.03663611907377128,-0.010502457618713379,0.12612124482790632,0.1,nisqa_test_p501
utmos,predicted_mos_mondrian,per_dataset,20,-1.1102230246251566e-17,0.016367317239443447,0.03249790817499154,0.04287882420355884,-0.028242679437001428,0.13023960987726824,0.2,nisqa_test_p501
utmos,mos_extremity_mondrian,per_dataset,20,0.015833333333333328,0.017452128479878093,-0.05295355444153158,0.04985867396803055,-0.11604329446951533,0.03217595815658569,0.8,nisqa_test_p501
utmos,local_residual_mondrian_k10,per_dataset,20,-0.0016666666666666774,-0.03447620650132499,0.048581670920054124,0.05892794977276305,-0.038144193092982004,0.200075919429461,0.15,nisqa_test_p501
utmos,local_residual_normalized_k10,per_dataset,20,-0.01604166666666667,-0.04024470891794045,0.16329623328577084,0.09301080808139836,-0.017212403252425457,0.3489902583503408,0.05,nisqa_test_p501
utmos,local_residual_mondrian_k25,per_dataset,20,0.003749999999999987,-0.01942070429523788,0.022560569594303727,0.0473081429747643,-0.05871931910514849,0.1034983853499094,0.3,nisqa_test_p501
utmos,local_residual_normalized_k25,per_dataset,20,-0.006458333333333344,-0.07151997709368071,0.028059911618784315,0.04691299003571575,-0.0533788583613064,0.10148182325797972,0.25,nisqa_test_p501
utmos,local_residual_mondrian_k50,per_dataset,20,0.009374999999999977,-0.01425742680827775,-0.006689657519261138,0.0403352859308637,-0.06486461361249285,0.1154811938603717,0.65,nisqa_test_p501
utmos,local_residual_normalized_k50,per_dataset,20,0.004375000000000001,-0.05238603882453763,-0.021164351208690556,0.04198435394440024,-0.08042446027217753,0.0518986467901712,0.65,nisqa_test_p501
