model,dataset,method,difficulty_neighbors,difficulty_train_n,conformal_calibration_n,evaluation_n,coverage,mean_width,mean_interval_score
dnsmos,nisqa_val_sim,local_residual_mondrian_k10,10.0,625,625,1250,0.908,2.7708370613098143,3.1747216495513917
dnsmos,nisqa_val_sim,local_residual_normalized_k10,10.0,625,625,1250,0.916,2.8459174459266166,3.3037755777615194
dnsmos,nisqa_val_sim,fixed,,625,625,1250,0.9056,2.760171413421631,3.1716159572601317
dnsmos,nisqa_val_sim,mahalanobis_mondrian,,625,625,1250,0.9064,2.7674321968078615,3.1827309658050535
dnsmos,nisqa_val_sim,predicted_mos_mondrian,,625,625,1250,0.9104,2.7927581722259522,3.165608447265625
dnsmos,nisqa_val_sim,mos_extremity_mondrian,,625,625,1250,0.9128,2.7791892404556275,3.1547108469009397
dnsmos,nisqa_train_live,local_residual_mondrian_k10,10.0,625,625,1020,0.9901960784313726,2.7484815410539216,2.774400756405849
dnsmos,nisqa_train_live,local_residual_normalized_k10,10.0,625,625,1020,0.9764705882352941,2.554776386465904,2.6253258631410046
dnsmos,nisqa_train_live,fixed,,625,625,1020,0.9901960784313726,2.760171413421631,2.7847778540031585
dnsmos,nisqa_train_live,mahalanobis_mondrian,,625,625,1020,0.9892156862745098,2.73360233260136,2.7582186675539204
dnsmos,nisqa_train_live,predicted_mos_mondrian,,625,625,1020,0.9892156862745098,2.7292242583106545,2.7626566695232015
dnsmos,nisqa_train_live,mos_extremity_mondrian,,625,625,1020,0.9882352941176471,2.7057214617729186,2.740090678018682
dnsmos,nisqa_val_live,local_residual_mondrian_k10,10.0,625,625,200,1.0,2.7514226508140562,2.7514226508140562
dnsmos,nisqa_val_live,local_residual_normalized_k10,10.0,625,625,200,0.99,2.5171142345819244,2.5776459067835806
dnsmos,nisqa_val_live,fixed,,625,625,200,1.0,2.760171413421631,2.760171413421631
dnsmos,nisqa_val_live,mahalanobis_mondrian,,625,625,200,1.0,2.752108960151672,2.752108960151672
dnsmos,nisqa_val_live,predicted_mos_mondrian,,625,625,200,1.0,2.732278497219086,2.732278497219086
dnsmos,nisqa_val_live,mos_extremity_mondrian,,625,625,200,1.0,2.722864750623703,2.722864750623703
dnsmos,nisqa_test_for,local_residual_mondrian_k10,10.0,625,625,240,0.9083333333333333,2.779202234745026,3.205393207073212
dnsmos,nisqa_test_for,local_residual_normalized_k10,10.0,625,625,240,0.9291666666666667,2.888496086021996,3.2302675194972488
dnsmos,nisqa_test_for,fixed,,625,625,240,0.9,2.760171413421631,3.2149482369422913
dnsmos,nisqa_test_for,mahalanobis_mondrian,,625,625,240,0.8958333333333334,2.756718889872233,3.2063019633293153
dnsmos,nisqa_test_for,predicted_mos_mondrian,,625,625,240,0.9125,2.785668655236562,3.191830172141393
dnsmos,nisqa_test_for,mos_extremity_mondrian,,625,625,240,0.9041666666666667,2.7747094790140787,3.1982171992460886
dnsmos,nisqa_test_livetalk,local_residual_mondrian_k10,10.0,625,625,232,0.9525862068965517,2.778550561132102,3.0333051085472107
dnsmos,nisqa_test_livetalk,local_residual_normalized_k10,10.0,625,625,232,0.9137931034482759,2.7483471100796923,3.1392613780223644
dnsmos,nisqa_test_livetalk,fixed,,625,625,232,0.9439655172413793,2.760171413421631,3.033029247974527
dnsmos,nisqa_test_livetalk,mahalanobis_mondrian,,625,625,232,0.9482758620689655,2.7235105202115815,2.994854283743891
dnsmos,nisqa_test_livetalk,predicted_mos_mondrian,,625,625,232,0.9525862068965517,2.7535632499333085,3.0047406656988738
dnsmos,nisqa_test_livetalk,mos_extremity_mondrian,,625,625,232,0.9568965517241379,2.7346557563748854,3.0005658166161897
dnsmos,nisqa_test_p501,local_residual_mondrian_k10,10.0,625,625,240,0.8666666666666667,2.777732793490092,3.2541237910588583
dnsmos,nisqa_test_p501,local_residual_normalized_k10,10.0,625,625,240,0.8958333333333334,2.9303299421951654,3.416323236283075
dnsmos,nisqa_test_p501,fixed,,625,625,240,0.8708333333333333,2.760171413421631,3.2436138888200126
dnsmos,nisqa_test_p501,mahalanobis_mondrian,,625,625,240,0.8708333333333333,2.7648558497428892,3.244972018400828
dnsmos,nisqa_test_p501,predicted_mos_mondrian,,625,625,240,0.8833333333333333,2.7949451466401416,3.210601047674815
dnsmos,nisqa_test_p501,mos_extremity_mondrian,,625,625,240,0.8666666666666667,2.785622642437617,3.233181462685267
dnsmos,nisqa_val_sim,local_residual_mondrian_k25,25.0,625,625,1250,0.9096,2.7253326013565062,3.137542861747742
dnsmos,nisqa_val_sim,local_residual_normalized_k25,25.0,625,625,1250,0.8928,2.686545111168292,3.1932514930828946
dnsmos,nisqa_train_live,local_residual_mondrian_k25,25.0,625,625,1020,0.9833333333333333,2.6530655739354154,2.7089686931348314
dnsmos,nisqa_train_live,local_residual_normalized_k25,25.0,625,625,1020,0.9764705882352941,2.485480565651373,2.5646317705432526
dnsmos,nisqa_val_live,local_residual_mondrian_k25,25.0,625,625,200,0.99,2.6521076834201813,2.6704667723178863
dnsmos,nisqa_val_live,local_residual_normalized_k25,25.0,625,625,200,0.99,2.5023841002660685,2.530718105624375
dnsmos,nisqa_test_for,local_residual_mondrian_k25,25.0,625,625,240,0.8916666666666667,2.737865858276685,3.126605066657066
dnsmos,nisqa_test_for,local_residual_normalized_k25,25.0,625,625,240,0.8958333333333334,2.6734161732347683,3.1559543245291346
dnsmos,nisqa_test_livetalk,local_residual_mondrian_k25,25.0,625,625,232,0.9310344827586207,2.728936269365508,3.0549565142598647
dnsmos,nisqa_test_livetalk,local_residual_normalized_k25,25.0,625,625,232,0.9181034482758621,2.6293533749300813,3.0739161112338853
dnsmos,nisqa_test_p501,local_residual_mondrian_k25,25.0,625,625,240,0.8916666666666667,2.7825824201107023,3.243563203016917
dnsmos,nisqa_test_p501,local_residual_normalized_k25,25.0,625,625,240,0.8666666666666667,2.756101514510234,3.3121888991013955
dnsmos,nisqa_val_sim,local_residual_mondrian_k50,50.0,625,625,1250,0.9152,2.783278889465332,3.174658678817749
dnsmos,nisqa_val_sim,local_residual_normalized_k50,50.0,625,625,1250,0.9096,2.7433633502692176,3.1831435681073947
dnsmos,nisqa_train_live,local_residual_mondrian_k50,50.0,625,625,1020,0.9911764705882353,2.689876447939405,2.7154386010824467
dnsmos,nisqa_train_live,local_residual_normalized_k50,50.0,625,625,1020,0.9823529411764705,2.586211150074552,2.633659824966638
dnsmos,nisqa_val_live,local_residual_mondrian_k50,50.0,625,625,200,1.0,2.6969122982025144,2.6969122982025144
dnsmos,nisqa_val_live,local_residual_normalized_k50,50.0,625,625,200,0.995,2.5975357112124153,2.620103069666412
dnsmos,nisqa_test_for,local_residual_mondrian_k50,50.0,625,625,240,0.9,2.7666196624437966,3.2117192248503366
dnsmos,nisqa_test_for,local_residual_normalized_k50,50.0,625,625,240,0.8958333333333334,2.7203120598138937,3.186712856734447
dnsmos,nisqa_test_livetalk,local_residual_mondrian_k50,50.0,625,625,232,0.9525862068965517,2.741592384617904,3.0129447086104033
dnsmos,nisqa_test_livetalk,local_residual_normalized_k50,50.0,625,625,232,0.9396551724137931,2.6971744525392296,3.015580674628195
dnsmos,nisqa_test_p501,local_residual_mondrian_k50,50.0,625,625,240,0.8708333333333333,2.7814218084017437,3.2571495354175566
dnsmos,nisqa_test_p501,local_residual_normalized_k50,50.0,625,625,240,0.8708333333333333,2.77141429999105,3.3345952089059088
nisqa,nisqa_val_sim,local_residual_mondrian_k10,10.0,625,625,1250,0.9144,2.8090449771881105,3.275138216018677
nisqa,nisqa_val_sim,local_residual_normalized_k10,10.0,625,625,1250,0.9024,2.778439603896471,3.3652734723518036
nisqa,nisqa_val_sim,fixed,,625,625,1250,0.896,2.91591215133667,3.551801847457886
nisqa,nisqa_val_sim,mahalanobis_mondrian,,625,625,1250,0.8992,2.856833064842224,3.5045662019729615
nisqa,nisqa_val_sim,predicted_mos_mondrian,,625,625,1250,0.912,2.9226411056518553,3.36848642539978
nisqa,nisqa_val_sim,mos_extremity_mondrian,,625,625,1250,0.9056,2.866054936790466,3.449202664756775
nisqa,nisqa_train_live,local_residual_mondrian_k10,10.0,625,625,1020,0.9794117647058823,2.629664134044273,2.7358982567693673
nisqa,nisqa_train_live,local_residual_normalized_k10,10.0,625,625,1020,0.9627450980392157,2.2713494837572346,2.4569425051221336
nisqa,nisqa_train_live,fixed,,625,625,1020,0.9931372549019608,2.91591215133667,2.9288697429731783
nisqa,nisqa_train_live,mahalanobis_mondrian,,625,625,1020,0.9450980392156862,2.142455140983357,2.3811936521062664
nisqa,nisqa_train_live,predicted_mos_mondrian,,625,625,1020,0.9872549019607844,3.079538118839264,3.1025748138334235
nisqa,nisqa_train_live,mos_extremity_mondrian,,625,625,1020,0.9823529411764705,2.8425534196928437,2.8806882002774405
nisqa,nisqa_val_live,local_residual_mondrian_k10,10.0,625,625,200,0.975,2.6502590310573577,2.738991893529892
nisqa,nisqa_val_live,local_residual_normalized_k10,10.0,625,625,200,0.96,2.327610979383497,2.5032071317515143
nisqa,nisqa_val_live,fixed,,625,625,200,0.995,2.91591215133667,2.9248497128486632
nisqa,nisqa_val_live,mahalanobis_mondrian,,625,625,200,0.98,2.139845916032791,2.2685756170749665
nisqa,nisqa_val_live,predicted_mos_mondrian,,625,625,200,0.995,3.1508199369907377,3.172010806798935
nisqa,nisqa_val_live,mos_extremity_mondrian,,625,625,200,1.0,2.8904070973396303,2.8904070973396303
nisqa,nisqa_test_for,local_residual_mondrian_k10,10.0,625,625,240,0.9291666666666667,2.6588854024807613,3.225083433588346
nisqa,nisqa_test_for,local_residual_normalized_k10,10.0,625,625,240,0.9166666666666666,2.513539079915153,3.1637482109508275
nisqa,nisqa_test_for,fixed,,625,625,240,0.9291666666666667,2.91591215133667,3.4487399558226266
nisqa,nisqa_test_for,mahalanobis_mondrian,,625,625,240,0.9125,2.5101017355918884,3.24060982465744
nisqa,nisqa_test_for,predicted_mos_mondrian,,625,625,240,0.9458333333333333,2.8628542512655257,3.2868703991174697
nisqa,nisqa_test_for,mos_extremity_mondrian,,625,625,240,0.9333333333333333,2.7123393446207045,3.3122165431578954
nisqa,nisqa_test_livetalk,local_residual_mondrian_k10,10.0,625,625,232,0.9525862068965517,2.8850492557574965,3.2159018136304
nisqa,nisqa_test_livetalk,local_residual_normalized_k10,10.0,625,625,232,0.9396551724137931,2.7680830144065145,3.34291201327068
nisqa,nisqa_test_livetalk,fixed,,625,625,232,0.9353448275862069,2.91591215133667,3.186311047652672
nisqa,nisqa_test_livetalk,mahalanobis_mondrian,,625,625,232,0.8448275862068966,2.2013933391406617,3.0818758853550614
nisqa,nisqa_test_livetalk,predicted_mos_mondrian,,625,625,232,0.9482758620689655,3.0031875957702767,3.3335742097476433
nisqa,nisqa_test_livetalk,mos_extremity_mondrian,,625,625,232,0.9353448275862069,2.894477569851382,3.1998888922148736
nisqa,nisqa_test_p501,local_residual_mondrian_k10,10.0,625,625,240,0.975,2.8475993235905963,2.899838920434316
nisqa,nisqa_test_p501,local_residual_normalized_k10,10.0,625,625,240,0.9625,2.8651746141471666,3.0065140467945097
nisqa,nisqa_test_p501,fixed,,625,625,240,0.9708333333333333,2.91591215133667,3.0460790594418845
nisqa,nisqa_test_p501,mahalanobis_mondrian,,625,625,240,0.9083333333333333,2.4854439169168474,2.916468741496404
nisqa,nisqa_test_p501,predicted_mos_mondrian,,625,625,240,0.9625,2.9289586106936136,3.067945213119189
nisqa,nisqa_test_p501,mos_extremity_mondrian,,625,625,240,0.9625,2.858611688017845,3.015936533610026
nisqa,nisqa_val_sim,local_residual_mondrian_k25,25.0,625,625,1250,0.9184,2.811879780960083,3.293695819091797
nisqa,nisqa_val_sim,local_residual_normalized_k25,25.0,625,625,1250,0.9192,2.805458051109257,3.342807513241316
nisqa,nisqa_train_live,local_residual_mondrian_k25,25.0,625,625,1020,0.9784313725490196,2.437855124239828,2.5226605614026387
nisqa,nisqa_train_live,local_residual_normalized_k25,25.0,625,625,1020,0.9666666666666667,2.2603930446298452,2.399165139723306
nisqa,nisqa_val_live,local_residual_mondrian_k25,25.0,625,625,200,0.985,2.4571281373500824,2.5212571799755095
nisqa,nisqa_val_live,local_residual_normalized_k25,25.0,625,625,200,0.97,2.3063510358587025,2.4113344624039694
nisqa,nisqa_test_for,local_residual_mondrian_k25,25.0,625,625,240,0.9458333333333333,2.620319429039955,3.1429092119137447
nisqa,nisqa_test_for,local_residual_normalized_k25,25.0,625,625,240,0.9416666666666667,2.561196784732674,3.095932782317344
nisqa,nisqa_test_livetalk,local_residual_mondrian_k25,25.0,625,625,232,0.9439655172413793,2.871544304592856,3.2420859100489783
nisqa,nisqa_test_livetalk,local_residual_normalized_k25,25.0,625,625,232,0.9181034482758621,2.8190333830194216,3.3193414393921175
nisqa,nisqa_test_p501,local_residual_mondrian_k25,25.0,625,625,240,0.9666666666666667,2.8311766813198727,2.9020180881023405
nisqa,nisqa_test_p501,local_residual_normalized_k25,25.0,625,625,240,0.9625,2.8539734475312835,2.9861632050438436
nisqa,nisqa_val_sim,local_residual_mondrian_k50,50.0,625,625,1250,0.9208,2.8391257637023926,3.319707735824585
nisqa,nisqa_val_sim,local_residual_normalized_k50,50.0,625,625,1250,0.9224,2.8040536564332577,3.315371776377208
nisqa,nisqa_train_live,local_residual_mondrian_k50,50.0,625,625,1020,0.9784313725490196,2.406337573481541,2.502648513924842
nisqa,nisqa_train_live,local_residual_normalized_k50,50.0,625,625,1020,0.9686274509803922,2.2559480931970937,2.395333505039316
nisqa,nisqa_val_live,local_residual_mondrian_k50,50.0,625,625,200,0.985,2.442150387763977,2.5020446395874023
nisqa,nisqa_val_live,local_residual_normalized_k50,50.0,625,625,200,0.98,2.30783197415663,2.3829496331156945
nisqa,nisqa_test_for,local_residual_mondrian_k50,50.0,625,625,240,0.95,2.675205381711324,3.1734026392300922
nisqa,nisqa_test_for,local_residual_normalized_k50,50.0,625,625,240,0.95,2.5962588882520747,3.132359609132407
nisqa,nisqa_test_livetalk,local_residual_mondrian_k50,50.0,625,625,232,0.9482758620689655,2.881266680257074,3.258446927728324
nisqa,nisqa_test_livetalk,local_residual_normalized_k50,50.0,625,625,232,0.9439655172413793,2.841382659960905,3.2727891815394816
nisqa,nisqa_test_p501,local_residual_mondrian_k50,50.0,625,625,240,0.9791666666666666,2.8695473869641623,2.9278139621019363
nisqa,nisqa_test_p501,local_residual_normalized_k50,50.0,625,625,240,0.9791666666666666,2.864588245763557,2.9360398785313793
utmos,nisqa_val_sim,local_residual_mondrian_k10,10.0,625,625,1250,0.9232,2.364587861251831,2.8362354499816895
utmos,nisqa_val_sim,local_residual_normalized_k10,10.0,625,625,1250,0.9104,2.282900487408847,2.830778677929463
utmos,nisqa_val_sim,fixed,,625,625,1250,0.9312,2.324647903442383,2.8100205688476563
utmos,nisqa_val_sim,mahalanobis_mondrian,,625,625,1250,0.9272,2.4334354051589964,2.8713809675216675
utmos,nisqa_val_sim,predicted_mos_mondrian,,625,625,1250,0.932,2.425744746017456,2.7787508628845217
utmos,nisqa_val_sim,mos_extremity_mondrian,,625,625,1250,0.9352,2.425085545539856,2.849463875770569
utmos,nisqa_train_live,local_residual_mondrian_k10,10.0,625,625,1020,0.7745098039215687,2.114805821811452,3.5407813759411084
utmos,nisqa_train_live,local_residual_normalized_k10,10.0,625,625,1020,0.703921568627451,1.9066804411221854,3.9039795385357965
utmos,nisqa_train_live,fixed,,625,625,1020,0.8245098039215686,2.324647903442383,3.2883144126218906
utmos,nisqa_train_live,mahalanobis_mondrian,,625,625,1020,0.8764705882352941,2.551883015679378,3.159479572025
utmos,nisqa_train_live,predicted_mos_mondrian,,625,625,1020,0.8852941176470588,2.6157965851765055,3.2151624319600125
utmos,nisqa_train_live,mos_extremity_mondrian,,625,625,1020,0.8362745098039216,2.4275757623653784,3.2818630688330708
utmos,nisqa_val_live,local_residual_mondrian_k10,10.0,625,625,200,0.75,2.086789025068283,3.8556651961803436
utmos,nisqa_val_live,local_residual_normalized_k10,10.0,625,625,200,0.7,1.8412252346140008,4.275098625401978
utmos,nisqa_val_live,fixed,,625,625,200,0.795,2.324647903442383,3.536899650096893
utmos,nisqa_val_live,mahalanobis_mondrian,,625,625,200,0.85,2.5543258810043334,3.3949314737319947
utmos,nisqa_val_live,predicted_mos_mondrian,,625,625,200,0.85,2.628508460521698,3.371345853805542
utmos,nisqa_val_live,mos_extremity_mondrian,,625,625,200,0.805,2.423914473056793,3.523433117866516
utmos,nisqa_test_for,local_residual_mondrian_k10,10.0,625,625,240,0.9333333333333333,2.2914251744747163,2.6972575545310975
utmos,nisqa_test_for,local_residual_normalized_k10,10.0,625,625,240,0.9291666666666667,2.177461638454928,2.733201167335245
utmos,nisqa_test_for,fixed,,625,625,240,0.9333333333333333,2.324647903442383,2.656517485777537
utmos,nisqa_test_for,mahalanobis_mondrian,,625,625,240,0.9375,2.4123329261938733,2.737976376215617
utmos,nisqa_test_for,predicted_mos_mondrian,,625,625,240,0.9541666666666667,2.6408401121695837,2.845110743244489
utmos,nisqa_test_for,mos_extremity_mondrian,,625,625,240,0.9333333333333333,2.3885170648495357,2.6892506112655004
utmos,nisqa_test_livetalk,local_residual_mondrian_k10,10.0,625,625,232,0.6422413793103449,2.212320284596805,4.7937293977573
utmos,nisqa_test_livetalk,local_residual_normalized_k10,10.0,625,625,232,0.6163793103448276,2.082566049522308,5.252372493578767
utmos,nisqa_test_livetalk,fixed,,625,625,232,0.6681034482758621,2.324647903442383,4.3613162431223635
utmos,nisqa_test_livetalk,mahalanobis_mondrian,,625,625,232,0.7586206896551724,2.568612490234704,4.019932480721638
utmos,nisqa_test_livetalk,predicted_mos_mondrian,,625,625,232,0.8017241379310345,2.6689187483540895,3.7620990307166657
utmos,nisqa_test_livetalk,mos_extremity_mondrian,,625,625,232,0.7112068965517241,2.400062925856689,4.187857312375102
utmos,nisqa_test_p501,local_residual_mondrian_k10,10.0,625,625,240,0.9125,2.242866799235344,2.617676372329394
utmos,nisqa_test_p501,local_residual_normalized_k10,10.0,625,625,240,0.8875,2.1263208467302017,2.6078666448624923
utmos,nisqa_test_p501,fixed,,625,625,240,0.925,2.324647903442383,2.5766392250855765
utmos,nisqa_test_p501,mahalanobis_mondrian,,625,625,240,0.9541666666666667,2.517441224058469,2.721220643321673
utmos,nisqa_test_p501,predicted_mos_mondrian,,625,625,240,0.9208333333333333,2.401692117253939,2.66954476137956
utmos,nisqa_test_p501,mos_extremity_mondrian,,625,625,240,0.9416666666666667,2.3938171356916427,2.5793315658966702
utmos,nisqa_val_sim,local_residual_mondrian_k25,25.0,625,625,1250,0.9432,2.4541021522521973,2.8560490612030027
utmos,nisqa_val_sim,local_residual_normalized_k25,25.0,625,625,1250,0.9312,2.324680156320797,2.770418245748762
utmos,nisqa_train_live,local_residual_mondrian_k25,25.0,625,625,1020,0.8117647058823529,2.2432238176757213,3.336732711044012
utmos,nisqa_train_live,local_residual_normalized_k25,25.0,625,625,1020,0.7715686274509804,2.081634543869692,3.4398641003668584
utmos,nisqa_val_live,local_residual_mondrian_k25,25.0,625,625,200,0.78,2.230855555534363,3.6175157856941222
utmos,nisqa_val_live,local_residual_normalized_k25,25.0,625,625,200,0.765,2.0759808906331103,3.7874575188506925
utmos,nisqa_test_for,local_residual_mondrian_k25,25.0,625,625,240,0.9458333333333333,2.4004711429278056,2.6822116593519847
utmos,nisqa_test_for,local_residual_normalized_k25,25.0,625,625,240,0.9291666666666667,2.2902558890264166,2.6563950942292527
utmos,nisqa_test_livetalk,local_residual_mondrian_k25,25.0,625,625,232,0.7025862068965517,2.340153484508909,4.381537127083745
utmos,nisqa_test_livetalk,local_residual_normalized_k25,25.0,625,625,232,0.6681034482758621,2.2034491643182617,4.627973834241318
utmos,nisqa_test_p501,local_residual_mondrian_k25,25.0,625,625,240,0.9416666666666667,2.3401720404624937,2.588497308890025
utmos,nisqa_test_p501,local_residual_normalized_k25,25.0,625,625,240,0.9208333333333333,2.2072038283278923,2.5124218434912033
utmos,nisqa_val_sim,local_residual_mondrian_k50,50.0,625,625,1250,0.9328,2.3707708953857423,2.799554130935669
utmos,nisqa_val_sim,local_residual_normalized_k50,50.0,625,625,1250,0.9328,2.3724192924596346,2.7876944694758055
utmos,nisqa_train_live,local_residual_mondrian_k50,50.0,625,625,1020,0.807843137254902,2.1883702731599994,3.3950379815756104
utmos,nisqa_train_live,local_residual_normalized_k50,50.0,625,625,1020,0.796078431372549,2.1616453699864184,3.431508640892856
utmos,nisqa_val_live,local_residual_mondrian_k50,50.0,625,625,200,0.77,2.1974024677276613,3.6193544054031372
utmos,nisqa_val_live,local_residual_normalized_k50,50.0,625,625,200,0.765,2.1570960903356684,3.6653732408544797
utmos,nisqa_test_for,local_residual_mondrian_k50,50.0,625,625,240,0.9541666666666667,2.3595765749613444,2.6587406714757282
utmos,nisqa_test_for,local_residual_normalized_k50,50.0,625,625,240,0.9458333333333333,2.3616179466691807,2.6734019773082633
utmos,nisqa_test_livetalk,local_residual_mondrian_k50,50.0,625,625,232,0.7025862068965517,2.3333612146048712,4.214560806751251
utmos,nisqa_test_livetalk,local_residual_normalized_k50,50.0,625,625,232,0.7068965517241379,2.3246443867252546,4.1990635068797095
utmos,nisqa_test_p501,local_residual_mondrian_k50,50.0,625,625,240,0.9541666666666667,2.357321586211522,2.543792035182317
utmos,nisqa_test_p501,local_residual_normalized_k50,50.0,625,625,240,0.9583333333333334,2.3379387573975325,2.566294263040225
