model,dataset,score,auroc,ci_lo,ci_hi,n
dnsmos,nisqa_val_sim,mahalanobis,0.43524949333333335,0.4096559827091059,0.45894544986190383,2500
dnsmos,nisqa_val_sim,knn,0.43969962666666673,0.414569364112517,0.46488454075588553,2500
dnsmos,nisqa_val_sim,ensemble_loo_disagreement,0.6185147733333334,0.5899014630340598,0.6464487059979845,2500
dnsmos,nisqa_val_sim,precision_weighted_disagreement,0.63821056,0.6114704019731004,0.6639142453461973,2500
nisqa,nisqa_val_sim,mahalanobis,0.37676373333333335,0.35288279602587735,0.4010892677457581,2500
nisqa,nisqa_val_sim,knn,0.47218944,0.4464824940060809,0.49684200837236603,2500
nisqa,nisqa_val_sim,ensemble_loo_disagreement,0.6374254933333333,0.6120891406571677,0.6629781270871447,2500
nisqa,nisqa_val_sim,precision_weighted_disagreement,0.66706432,0.6416746943591504,0.6927403413376481,2500
utmos,nisqa_val_sim,mahalanobis,0.4890615466666667,0.46383225623801333,0.5143511331496518,2500
utmos,nisqa_val_sim,knn,0.5230365866666666,0.4957446863353991,0.5502849473763254,2500
utmos,nisqa_val_sim,ensemble_loo_disagreement,0.48533845333333336,0.4603153653547055,0.5112423749819993,2500
utmos,nisqa_val_sim,precision_weighted_disagreement,0.48527701333333334,0.458548390962263,0.5113323246390495,2500
dnsmos,nisqa_train_live,mahalanobis,0.5494912213251313,0.5104903859282193,0.58818133319448,1020
dnsmos,nisqa_train_live,knn,0.5414020248622324,0.5024298119489138,0.5809767032713946,1020
dnsmos,nisqa_train_live,ensemble_loo_disagreement,0.6005074971164936,0.5593360503789704,0.6400111092067025,1020
dnsmos,nisqa_train_live,precision_weighted_disagreement,0.5939971805715749,0.5523764347474875,0.63352210580823,1020
nisqa,nisqa_train_live,mahalanobis,0.5397154940407536,0.499346279234219,0.5767620336416397,1020
nisqa,nisqa_train_live,knn,0.5748788927335641,0.5331406865373312,0.6143885769363031,1020
nisqa,nisqa_train_live,ensemble_loo_disagreement,0.5564321414840446,0.5159571751123134,0.5992833242533147,1020
nisqa,nisqa_train_live,precision_weighted_disagreement,0.5366500064077919,0.49231599185639524,0.580271666460915,1020
utmos,nisqa_train_live,mahalanobis,0.4627040881712162,0.42706964201029946,0.5003289476792577,1020
utmos,nisqa_train_live,knn,0.48211200820197364,0.4441822198799738,0.5193809259464381,1020
utmos,nisqa_train_live,ensemble_loo_disagreement,0.7184108676150198,0.6838357845388687,0.7517456227067777,1020
utmos,nisqa_train_live,precision_weighted_disagreement,0.7183852364475201,0.6847340702984875,0.751559882329259,1020
dnsmos,nisqa_val_live,mahalanobis,0.48733333333333334,0.40038498851547394,0.5782515589240107,200
dnsmos,nisqa_val_live,knn,0.48066666666666663,0.38840322394842586,0.5718290293328799,200
dnsmos,nisqa_val_live,ensemble_loo_disagreement,0.6401333333333334,0.5481864021696432,0.7236478956130947,200
dnsmos,nisqa_val_live,precision_weighted_disagreement,0.6346666666666666,0.5447144835451286,0.7246142075712666,200
nisqa,nisqa_val_live,mahalanobis,0.4821333333333333,0.3843215579086847,0.5721061755179541,200
nisqa,nisqa_val_live,knn,0.5738666666666666,0.4723398268543835,0.667380804796675,200
nisqa,nisqa_val_live,ensemble_loo_disagreement,0.6105333333333334,0.5119578905942542,0.7027229370008873,200
nisqa,nisqa_val_live,precision_weighted_disagreement,0.6064,0.5059300496688741,0.6951293025450127,200
utmos,nisqa_val_live,mahalanobis,0.4981333333333333,0.4095694334075016,0.5872471478127675,200
utmos,nisqa_val_live,knn,0.5469333333333333,0.4567398743561729,0.6331152270164727,200
utmos,nisqa_val_live,ensemble_loo_disagreement,0.7161333333333333,0.6379109182242323,0.791580437693135,200
utmos,nisqa_val_live,precision_weighted_disagreement,0.7161333333333333,0.6378873194014448,0.7927871342351228,200
dnsmos,nisqa_test_for,mahalanobis,0.36,0.2778130852598938,0.45025052724546955,240
dnsmos,nisqa_test_for,knn,0.40990740740740744,0.32694932423268575,0.49275269114586484,240
dnsmos,nisqa_test_for,ensemble_loo_disagreement,0.8026851851851852,0.6953530337234827,0.8972004892945507,240
dnsmos,nisqa_test_for,precision_weighted_disagreement,0.7981481481481482,0.6871661765867209,0.8934734642363167,240
nisqa,nisqa_test_for,mahalanobis,0.45083333333333336,0.33697753396029256,0.5828791585400276,240
nisqa,nisqa_test_for,knn,0.5536111111111112,0.44342163219100544,0.6637713644323284,240
nisqa,nisqa_test_for,ensemble_loo_disagreement,0.6473148148148149,0.5541010941128588,0.7385963336672876,240
nisqa,nisqa_test_for,precision_weighted_disagreement,0.6567592592592593,0.5612550575785871,0.7430529700500108,240
utmos,nisqa_test_for,mahalanobis,0.5094444444444444,0.4135249662870842,0.610494396249895,240
utmos,nisqa_test_for,knn,0.5368518518518519,0.4303380252427865,0.6431340708655592,240
utmos,nisqa_test_for,ensemble_loo_disagreement,0.5916666666666666,0.4845807912449136,0.7027012974069561,240
utmos,nisqa_test_for,precision_weighted_disagreement,0.5918518518518519,0.479382884837963,0.7025112526775809,240
dnsmos,nisqa_test_livetalk,mahalanobis,0.5129805786761792,0.3969910204289794,0.6317358357446503,232
dnsmos,nisqa_test_livetalk,knn,0.4247919143876338,0.3139766904656203,0.5472572544642856,232
dnsmos,nisqa_test_livetalk,ensemble_loo_disagreement,0.5503369005152595,0.4222684933329565,0.6618423042682944,232
dnsmos,nisqa_test_livetalk,precision_weighted_disagreement,0.5328973444312326,0.4009528324397351,0.6544559082902739,232
nisqa,nisqa_test_livetalk,mahalanobis,0.5719381688466113,0.44281263003678584,0.6908040860698135,232
nisqa,nisqa_test_livetalk,knn,0.5219976218787159,0.41683595430540515,0.6317731063124596,232
nisqa,nisqa_test_livetalk,ensemble_loo_disagreement,0.41954022988505746,0.33097232922444786,0.5104543225482513,232
nisqa,nisqa_test_livetalk,precision_weighted_disagreement,0.4020015854141894,0.31808019125828096,0.4824341887094256,232
utmos,nisqa_test_livetalk,mahalanobis,0.42281014665081257,0.33446477478674597,0.5102242098779258,232
utmos,nisqa_test_livetalk,knn,0.4346016646848989,0.3480729415512024,0.5250776003623803,232
utmos,nisqa_test_livetalk,ensemble_loo_disagreement,0.6176179151803408,0.5092680431547619,0.7085481775461071,232
utmos,nisqa_test_livetalk,precision_weighted_disagreement,0.6174197384066588,0.5057003777829796,0.7172605445653355,232
dnsmos,nisqa_test_p501,mahalanobis,0.4274074074074074,0.32962154856566045,0.5294952648964975,240
dnsmos,nisqa_test_p501,knn,0.44305555555555554,0.35842998566829054,0.5300449136913495,240
dnsmos,nisqa_test_p501,ensemble_loo_disagreement,0.8275,0.7505386533158306,0.8963377932164515,240
dnsmos,nisqa_test_p501,precision_weighted_disagreement,0.8368518518518517,0.7699367680933946,0.9007443071537864,240
nisqa,nisqa_test_p501,mahalanobis,0.5425925925925926,0.4504977597941911,0.6417216847835917,240
nisqa,nisqa_test_p501,knn,0.4640740740740741,0.3575665331169631,0.5824792294240029,240
nisqa,nisqa_test_p501,ensemble_loo_disagreement,0.5889814814814816,0.45643213795933363,0.7188565340909091,240
nisqa,nisqa_test_p501,precision_weighted_disagreement,0.6293518518518518,0.5069170904529098,0.7445113905899232,240
utmos,nisqa_test_p501,mahalanobis,0.4750925925925926,0.34716244946583397,0.592685177203323,240
utmos,nisqa_test_p501,knn,0.5583333333333333,0.4443490161583507,0.6610234409607098,240
utmos,nisqa_test_p501,ensemble_loo_disagreement,0.617037037037037,0.5046768470139862,0.717342793402916,240
utmos,nisqa_test_p501,precision_weighted_disagreement,0.617037037037037,0.5008819422491685,0.7201138470144149,240
