model,score,method,dataset,n,coverage,mean_width,mean_interval_score
dnsmos,mahalanobis,fixed,nisqa_val_sim,1250,0.9016,2.741448402404785,3.1452769622802736
dnsmos,mahalanobis,fixed,nisqa_train_live,1020,0.9901960784313726,2.741448402404785,2.7678904323016895
dnsmos,mahalanobis,fixed,nisqa_val_live,200,1.0,2.741448402404785,2.741448402404785
dnsmos,mahalanobis,fixed,nisqa_test_for,240,0.9,2.741448402404785,3.2149482369422913
dnsmos,mahalanobis,fixed,nisqa_test_livetalk,232,0.9439655172413793,2.741448402404785,3.0247975793378106
dnsmos,mahalanobis,fixed,nisqa_test_p501,240,0.8583333333333333,2.741448402404785,3.250893364350001
dnsmos,mahalanobis,adaptive,nisqa_val_sim,1250,0.9008,2.730152508163452,3.1447600025177
dnsmos,mahalanobis,adaptive,nisqa_train_live,1020,0.9862745098039216,2.627627398219763,2.6671811339901943
dnsmos,mahalanobis,adaptive,nisqa_val_live,200,0.995,2.627308430671692,2.628456094264984
dnsmos,mahalanobis,adaptive,nisqa_test_for,240,0.8791666666666667,2.6688890526692073,3.1765133013327915
dnsmos,mahalanobis,adaptive,nisqa_test_livetalk,232,0.9353448275862069,2.6307856039754274,2.9814235023383437
dnsmos,mahalanobis,adaptive,nisqa_test_p501,240,0.8708333333333333,2.7245945701996486,3.2782903581857683
dnsmos,ensemble_loo_disagreement,fixed,nisqa_val_sim,1250,0.9016,2.741448402404785,3.1452769622802736
dnsmos,ensemble_loo_disagreement,fixed,nisqa_train_live,1020,0.9901960784313726,2.741448402404785,2.7678904323016895
dnsmos,ensemble_loo_disagreement,fixed,nisqa_val_live,200,1.0,2.741448402404785,2.741448402404785
dnsmos,ensemble_loo_disagreement,fixed,nisqa_test_for,240,0.9,2.741448402404785,3.2149482369422913
dnsmos,ensemble_loo_disagreement,fixed,nisqa_test_livetalk,232,0.9439655172413793,2.741448402404785,3.0247975793378106
dnsmos,ensemble_loo_disagreement,fixed,nisqa_test_p501,240,0.8583333333333333,2.741448402404785,3.250893364350001
dnsmos,ensemble_loo_disagreement,adaptive,nisqa_val_sim,1250,0.9136,2.7505367654800414,3.0850167058944704
dnsmos,ensemble_loo_disagreement,adaptive,nisqa_train_live,1020,0.9931372549019608,2.740211937941757,2.765621124529371
dnsmos,ensemble_loo_disagreement,adaptive,nisqa_val_live,200,1.0,2.71513077378273,2.71513077378273
dnsmos,ensemble_loo_disagreement,adaptive,nisqa_test_for,240,0.9625,2.945085326830546,3.058689077695211
dnsmos,ensemble_loo_disagreement,adaptive,nisqa_test_livetalk,232,0.9482758620689655,2.7347878217697144,2.9681567467492203
dnsmos,ensemble_loo_disagreement,adaptive,nisqa_test_p501,240,0.9083333333333333,2.7708026081323625,3.0649025152126947
dnsmos,precision_weighted_disagreement,fixed,nisqa_val_sim,1250,0.9016,2.741448402404785,3.1452769622802736
dnsmos,precision_weighted_disagreement,fixed,nisqa_train_live,1020,0.9901960784313726,2.741448402404785,2.7678904323016895
dnsmos,precision_weighted_disagreement,fixed,nisqa_val_live,200,1.0,2.741448402404785,2.741448402404785
dnsmos,precision_weighted_disagreement,fixed,nisqa_test_for,240,0.9,2.741448402404785,3.2149482369422913
dnsmos,precision_weighted_disagreement,fixed,nisqa_test_livetalk,232,0.9439655172413793,2.741448402404785,3.0247975793378106
dnsmos,precision_weighted_disagreement,fixed,nisqa_test_p501,240,0.8583333333333333,2.741448402404785,3.250893364350001
dnsmos,precision_weighted_disagreement,adaptive,nisqa_val_sim,1250,0.9064,2.7229345525741575,3.0717637113571166
dnsmos,precision_weighted_disagreement,adaptive,nisqa_train_live,1020,0.996078431372549,2.791354228001015,2.811789292447707
dnsmos,precision_weighted_disagreement,adaptive,nisqa_val_live,200,1.0,2.78779914855957,2.78779914855957
dnsmos,precision_weighted_disagreement,adaptive,nisqa_test_for,240,0.9416666666666667,2.9273889541625975,3.076419778664907
dnsmos,precision_weighted_disagreement,adaptive,nisqa_test_livetalk,232,0.9482758620689655,2.7463705025870224,3.00087480298404
dnsmos,precision_weighted_disagreement,adaptive,nisqa_test_p501,240,0.9083333333333333,2.7384250074625016,3.056455941001574
nisqa,mahalanobis,fixed,nisqa_val_sim,1250,0.9008,2.9129514694213867,3.5259917259216307
nisqa,mahalanobis,fixed,nisqa_train_live,1020,0.9931372549019608,2.9129514694213867,2.9261122451109043
nisqa,mahalanobis,fixed,nisqa_val_live,200,0.995,2.9129514694213867,2.9220370650291443
nisqa,mahalanobis,fixed,nisqa_test_for,240,0.9291666666666667,2.9129514694213867,3.447876423597336
nisqa,mahalanobis,fixed,nisqa_test_livetalk,232,0.9353448275862069,2.9129514694213867,3.185264599734339
nisqa,mahalanobis,fixed,nisqa_test_p501,240,0.9708333333333333,2.9129514694213867,3.043981909751892
nisqa,mahalanobis,adaptive,nisqa_val_sim,1250,0.8944,2.834394107437134,3.4755673614501954
nisqa,mahalanobis,adaptive,nisqa_train_live,1020,0.9431372549019608,2.1550117277631573,2.402344335761725
nisqa,mahalanobis,adaptive,nisqa_val_live,200,0.98,2.144266757965088,2.2673023080825807
nisqa,mahalanobis,adaptive,nisqa_test_for,240,0.9083333333333333,2.5388805508613586,3.2665205538272857
nisqa,mahalanobis,adaptive,nisqa_test_livetalk,232,0.8405172413793104,2.205723258955725,3.1193790065831153
nisqa,mahalanobis,adaptive,nisqa_test_p501,240,0.9041666666666667,2.5026010870933533,2.901845927039782
nisqa,ensemble_loo_disagreement,fixed,nisqa_val_sim,1250,0.9008,2.9129514694213867,3.5259917259216307
nisqa,ensemble_loo_disagreement,fixed,nisqa_train_live,1020,0.9931372549019608,2.9129514694213867,2.9261122451109043
nisqa,ensemble_loo_disagreement,fixed,nisqa_val_live,200,0.995,2.9129514694213867,2.9220370650291443
nisqa,ensemble_loo_disagreement,fixed,nisqa_test_for,240,0.9291666666666667,2.9129514694213867,3.447876423597336
nisqa,ensemble_loo_disagreement,fixed,nisqa_test_livetalk,232,0.9353448275862069,2.9129514694213867,3.185264599734339
nisqa,ensemble_loo_disagreement,fixed,nisqa_test_p501,240,0.9708333333333333,2.9129514694213867,3.043981909751892
nisqa,ensemble_loo_disagreement,adaptive,nisqa_val_sim,1250,0.8944,2.836707839012146,3.3353522233963013
nisqa,ensemble_loo_disagreement,adaptive,nisqa_train_live,1020,0.9852941176470589,2.5701890718703178,2.6149296599275926
nisqa,ensemble_loo_disagreement,adaptive,nisqa_val_live,200,0.99,2.5596063327789307,2.5917146515846254
nisqa,ensemble_loo_disagreement,adaptive,nisqa_test_for,240,0.9458333333333333,2.8677653153737386,3.152478583653768
nisqa,ensemble_loo_disagreement,adaptive,nisqa_test_livetalk,232,0.9224137931034483,2.6880153294267326,3.094628864321215
nisqa,ensemble_loo_disagreement,adaptive,nisqa_test_p501,240,0.975,2.99476657807827,3.08263989786307
nisqa,precision_weighted_disagreement,fixed,nisqa_val_sim,1250,0.9008,2.9129514694213867,3.5259917259216307
nisqa,precision_weighted_disagreement,fixed,nisqa_train_live,1020,0.9931372549019608,2.9129514694213867,2.9261122451109043
nisqa,precision_weighted_disagreement,fixed,nisqa_val_live,200,0.995,2.9129514694213867,2.9220370650291443
nisqa,precision_weighted_disagreement,fixed,nisqa_test_for,240,0.9291666666666667,2.9129514694213867,3.447876423597336
nisqa,precision_weighted_disagreement,fixed,nisqa_test_livetalk,232,0.9353448275862069,2.9129514694213867,3.185264599734339
nisqa,precision_weighted_disagreement,fixed,nisqa_test_p501,240,0.9708333333333333,2.9129514694213867,3.043981909751892
nisqa,precision_weighted_disagreement,adaptive,nisqa_val_sim,1250,0.9,2.810388310241699,3.2991513946533204
nisqa,precision_weighted_disagreement,adaptive,nisqa_train_live,1020,0.9833333333333333,2.597253911635455,2.6504363499435724
nisqa,precision_weighted_disagreement,adaptive,nisqa_val_live,200,0.985,2.601601257324219,2.6342402720451354
nisqa,precision_weighted_disagreement,adaptive,nisqa_test_for,240,0.9416666666666667,2.799253543217977,3.0975737472375235
nisqa,precision_weighted_disagreement,adaptive,nisqa_test_livetalk,232,0.9224137931034483,2.699681623228665,3.119788354840772
nisqa,precision_weighted_disagreement,adaptive,nisqa_test_p501,240,0.9708333333333333,2.977753194173177,3.0368873794873554
utmos,mahalanobis,fixed,nisqa_val_sim,1250,0.9176,2.2644686698913574,2.7757657318115236
utmos,mahalanobis,fixed,nisqa_train_live,1020,0.8127450980392157,2.2644686698913574,3.336802218474594
utmos,mahalanobis,fixed,nisqa_val_live,200,0.78,2.2644686698913574,3.6024161338806153
utmos,mahalanobis,fixed,nisqa_test_for,240,0.9208333333333333,2.2644686698913574,2.639484296242396
utmos,mahalanobis,fixed,nisqa_test_livetalk,232,0.6637931034482759,2.2644686698913574,4.503284384464395
utmos,mahalanobis,fixed,nisqa_test_p501,240,0.9208333333333333,2.2644686698913574,2.562443067630132
utmos,mahalanobis,adaptive,nisqa_val_sim,1250,0.9208,2.284354012680054,2.784139601898193
utmos,mahalanobis,adaptive,nisqa_train_live,1020,0.8205882352941176,2.31274755562053,3.331175635842716
utmos,mahalanobis,adaptive,nisqa_val_live,200,0.79,2.3074172163009643,3.6014274740219117
utmos,mahalanobis,adaptive,nisqa_test_for,240,0.9333333333333333,2.316271011034648,2.6799927592277526
utmos,mahalanobis,adaptive,nisqa_test_livetalk,232,0.6767241379310345,2.3091679153771234,4.426581927414598
utmos,mahalanobis,adaptive,nisqa_test_p501,240,0.9125,2.32076766093572,2.6181697944800058
utmos,ensemble_loo_disagreement,fixed,nisqa_val_sim,1250,0.9176,2.2644686698913574,2.7757657318115236
utmos,ensemble_loo_disagreement,fixed,nisqa_train_live,1020,0.8127450980392157,2.2644686698913574,3.336802218474594
utmos,ensemble_loo_disagreement,fixed,nisqa_val_live,200,0.78,2.2644686698913574,3.6024161338806153
utmos,ensemble_loo_disagreement,fixed,nisqa_test_for,240,0.9208333333333333,2.2644686698913574,2.639484296242396
utmos,ensemble_loo_disagreement,fixed,nisqa_test_livetalk,232,0.6637931034482759,2.2644686698913574,4.503284384464395
utmos,ensemble_loo_disagreement,fixed,nisqa_test_p501,240,0.9208333333333333,2.2644686698913574,2.562443067630132
utmos,ensemble_loo_disagreement,adaptive,nisqa_val_sim,1250,0.9256,2.293059862136841,2.766849973678589
utmos,ensemble_loo_disagreement,adaptive,nisqa_train_live,1020,0.8480392156862745,2.3630115317363365,3.1522182539397594
utmos,ensemble_loo_disagreement,adaptive,nisqa_val_live,200,0.805,2.3697602939605713,3.3533924412727356
utmos,ensemble_loo_disagreement,adaptive,nisqa_test_for,240,0.9333333333333333,2.300772762298584,2.6342558026313783
utmos,ensemble_loo_disagreement,adaptive,nisqa_test_livetalk,232,0.6810344827586207,2.3361689571676583,4.277707153353198
utmos,ensemble_loo_disagreement,adaptive,nisqa_test_p501,240,0.925,2.3226258158683777,2.577945053577423
utmos,precision_weighted_disagreement,fixed,nisqa_val_sim,1250,0.9176,2.2644686698913574,2.7757657318115236
utmos,precision_weighted_disagreement,fixed,nisqa_train_live,1020,0.8127450980392157,2.2644686698913574,3.336802218474594
utmos,precision_weighted_disagreement,fixed,nisqa_val_live,200,0.78,2.2644686698913574,3.6024161338806153
utmos,precision_weighted_disagreement,fixed,nisqa_test_for,240,0.9208333333333333,2.2644686698913574,2.639484296242396
utmos,precision_weighted_disagreement,fixed,nisqa_test_livetalk,232,0.6637931034482759,2.2644686698913574,4.503284384464395
utmos,precision_weighted_disagreement,fixed,nisqa_test_p501,240,0.9208333333333333,2.2644686698913574,2.562443067630132
utmos,precision_weighted_disagreement,adaptive,nisqa_val_sim,1250,0.9256,2.2930013439178465,2.766791455459595
utmos,precision_weighted_disagreement,adaptive,nisqa_train_live,1020,0.8480392156862745,2.3630115317363365,3.1522182539397594
utmos,precision_weighted_disagreement,adaptive,nisqa_val_live,200,0.805,2.3697602939605713,3.3533924412727356
utmos,precision_weighted_disagreement,adaptive,nisqa_test_for,240,0.9333333333333333,2.300772762298584,2.6342558026313783
utmos,precision_weighted_disagreement,adaptive,nisqa_test_livetalk,232,0.6810344827586207,2.3361689571676583,4.277707153353198
utmos,precision_weighted_disagreement,adaptive,nisqa_test_p501,240,0.925,2.3226258158683777,2.577945053577423
