metric,model,dataset,point_estimate,ci_lo,ci_hi,n_boot,n_groups
srcc,nisqa,nisqa_train_sim,0.7977876572554359,0.789851217959714,0.8054850612806462,2000,10000
rmse,nisqa,nisqa_train_sim,0.8506437446996344,0.8384660891353836,0.8613039840625766,2000,10000
pcc,nisqa,nisqa_train_sim,0.793324772342477,0.7862998035637389,0.8002894937857449,2000,10000
coverage_fixed,nisqa,nisqa_train_sim,0.6798,0.6704,0.6890025,2000,10000
coverage_adaptive,nisqa,nisqa_train_sim,0.6553,0.6459,0.6645,2000,10000
coverage_delta,nisqa,nisqa_train_sim,-0.024499999999999966,-0.028100000000000014,-0.02090000000000003,2000,10000
srcc,nisqa,nisqa_train_live,0.6494865310152617,0.6090188858905037,0.6859466669902631,2000,1020
rmse,nisqa,nisqa_train_live,0.5281990261241243,0.5050714808083252,0.5515410911724113,2000,1020
pcc,nisqa,nisqa_train_live,0.6627851125118298,0.6280725024028779,0.6955060611116125,2000,1020
coverage_fixed,nisqa,nisqa_train_live,0.9009803921568628,0.8813725490196078,0.9186274509803921,2000,1020
coverage_adaptive,nisqa,nisqa_train_live,0.9068627450980392,0.888235294117647,0.9235294117647059,2000,1020
coverage_delta,nisqa,nisqa_train_live,0.00588235294117645,0.0,0.01176470588235301,2000,1020
srcc,nisqa,nisqa_val_sim,0.8063195130394657,0.7912437313749546,0.820757121450225,2000,2500
rmse,nisqa,nisqa_val_sim,0.8637235191274106,0.8411254371716793,0.8854030896585162,2000,2500
pcc,nisqa,nisqa_val_sim,0.8018319843234932,0.7877659306439326,0.8147756245788039,2000,2500
coverage_fixed,nisqa,nisqa_val_sim,0.6724,0.6548,0.69,2000,2500
coverage_adaptive,nisqa,nisqa_val_sim,0.6476,0.6296,0.6656,2000,2500
coverage_delta,nisqa,nisqa_val_sim,-0.024800000000000044,-0.03199999999999992,-0.01760000000000006,2000,2500
srcc,nisqa,nisqa_val_live,0.6379066218668148,0.5350152615578637,0.7212062437871946,2000,200
rmse,nisqa,nisqa_val_live,0.5251128738340533,0.47874712612982956,0.5714915034272983,2000,200
pcc,nisqa,nisqa_val_live,0.6680678020648616,0.5841071684427129,0.7391642930508721,2000,200
coverage_fixed,nisqa,nisqa_val_live,0.895,0.85,0.935,2000,200
coverage_adaptive,nisqa,nisqa_val_live,0.895,0.85,0.935,2000,200
coverage_delta,nisqa,nisqa_val_live,0.0,-0.020000000000000018,0.020000000000000018,2000,200
srcc,nisqa,nisqa_test_for,0.7249699752185249,0.6241451247292743,0.7881693977679933,2000,60
rmse,nisqa,nisqa_test_for,0.7339900568228516,0.5951715931288357,0.8679211675931635,2000,60
pcc,nisqa,nisqa_test_for,0.6742578521446722,0.5858860885245358,0.7547436510533144,2000,60
coverage_fixed,nisqa,nisqa_test_for,0.7791666666666667,0.6958333333333333,0.8541666666666666,2000,60
coverage_adaptive,nisqa,nisqa_test_for,0.7958333333333333,0.7166666666666667,0.8666666666666667,2000,60
coverage_delta,nisqa,nisqa_test_for,0.016666666666666607,0.0,0.03749999999999998,2000,60
srcc,nisqa,nisqa_test_livetalk,0.7061498585860863,0.6095175365370797,0.7711170184782553,2000,58
rmse,nisqa,nisqa_test_livetalk,0.747153278252608,0.6593355843318559,0.8435538645168761,2000,58
pcc,nisqa,nisqa_test_livetalk,0.7151174215561829,0.6426500893337452,0.7739557383159672,2000,58
coverage_fixed,nisqa,nisqa_test_livetalk,0.7198275862068966,0.6508620689655172,0.7844827586206896,2000,58
coverage_adaptive,nisqa,nisqa_test_livetalk,0.7413793103448276,0.6679956896551724,0.8061422413793097,2000,58
coverage_delta,nisqa,nisqa_test_livetalk,0.02155172413793105,0.004310344827586188,0.04310344827586199,2000,58
srcc,nisqa,nisqa_test_p501,0.8307363918080901,0.7593376078121454,0.8707895159036488,2000,60
rmse,nisqa,nisqa_test_p501,0.6527052284849141,0.5601294407729116,0.741930174756006,2000,60
pcc,nisqa,nisqa_test_p501,0.8142063256291623,0.7548595621731935,0.857523784107024,2000,60
coverage_fixed,nisqa,nisqa_test_p501,0.8041666666666667,0.7291666666666666,0.8708333333333333,2000,60
coverage_adaptive,nisqa,nisqa_test_p501,0.8208333333333333,0.75,0.8875,2000,60
coverage_delta,nisqa,nisqa_test_p501,0.016666666666666607,-0.008333333333333304,0.04166666666666663,2000,60
mahalanobis_auroc,nisqa,nisqa_test_for,0.6852333333333332,0.627607875,0.7396644999999998,2000,60
mahalanobis_fpr95,nisqa,nisqa_test_for,0.8568,0.77517,0.9104,2000,60
mahalanobis_srcc_ood,nisqa,nisqa_test_for,-0.029749648431396374,-0.2124204916264339,0.1483102247048166,2000,60
l2_auroc,nisqa,nisqa_test_for,0.6752149999999999,0.6194531249999999,0.7277492083333331,2000,60
l2_fpr95,nisqa,nisqa_test_for,0.8348,0.76519,0.9152,2000,60
l2_srcc_ood,nisqa,nisqa_test_for,-0.16537179464921262,-0.3070932050521548,-0.005334999989530374,2000,60
knn_auroc,nisqa,nisqa_test_for,0.6448533333333333,0.5754382083333333,0.7169907499999999,2000,60
knn_fpr95,nisqa,nisqa_test_for,0.9344,0.8495900000000001,0.9652,2000,60
knn_srcc_ood,nisqa,nisqa_test_for,0.13089550165801486,-0.04244396100817238,0.27768597369598313,2000,60
mahalanobis_auroc,nisqa,nisqa_test_livetalk,0.849794827586207,0.818663275862069,0.8770850431034481,2000,58
mahalanobis_fpr95,nisqa,nisqa_test_livetalk,0.4688,0.37718999999999997,0.6972,2000,58
mahalanobis_srcc_ood,nisqa,nisqa_test_livetalk,0.0013079269406041638,-0.1651754930271743,0.17062003632602055,2000,58
l2_auroc,nisqa,nisqa_test_livetalk,0.7444568965517242,0.7026869396551725,0.7818929310344828,2000,58
l2_fpr95,nisqa,nisqa_test_livetalk,0.7896,0.63239,0.8924,2000,58
l2_srcc_ood,nisqa,nisqa_test_livetalk,0.01744607324006465,-0.1361242253717922,0.16582782761147952,2000,58
knn_auroc,nisqa,nisqa_test_livetalk,0.875398275862069,0.8319378879310345,0.9131975431034484,2000,58
knn_fpr95,nisqa,nisqa_test_livetalk,0.5516,0.36798,0.846,2000,58
knn_srcc_ood,nisqa,nisqa_test_livetalk,-0.025125459119835318,-0.16959450546869323,0.11068555517822391,2000,58
mahalanobis_auroc,nisqa,nisqa_test_p501,0.7143583333333333,0.6717626666666666,0.7576305416666665,2000,60
mahalanobis_fpr95,nisqa,nisqa_test_p501,0.7268,0.668,0.8,2000,60
mahalanobis_srcc_ood,nisqa,nisqa_test_p501,0.013616555842983382,-0.13798820503682926,0.1667947960689938,2000,60
l2_auroc,nisqa,nisqa_test_p501,0.6099683333333333,0.5534625416666666,0.6658322083333332,2000,60
l2_fpr95,nisqa,nisqa_test_p501,0.8728,0.7699900000000001,0.8996,2000,60
l2_srcc_ood,nisqa,nisqa_test_p501,0.09023854580808693,-0.05970489294102498,0.24220579282354876,2000,60
knn_auroc,nisqa,nisqa_test_p501,0.6623566666666667,0.602773125,0.7196292083333332,2000,60
knn_fpr95,nisqa,nisqa_test_p501,0.8976,0.81039,0.9832,2000,60
knn_srcc_ood,nisqa,nisqa_test_p501,-0.05248181392038055,-0.21562004376289967,0.1166751172394042,2000,60
mahalanobis_auroc,nisqa,nisqa_val_live,0.87026,0.85051315,0.8882069,2000,200
mahalanobis_fpr95,nisqa,nisqa_val_live,0.416,0.308,0.48960999999999993,2000,200
mahalanobis_srcc_ood,nisqa,nisqa_val_live,-0.0189004725118128,-0.15966634441143462,0.11485122090187558,2000,200
l2_auroc,nisqa,nisqa_val_live,0.6868259999999999,0.6533110499999999,0.7207711,2000,200
l2_fpr95,nisqa,nisqa_val_live,0.7664,0.70278,0.8096,2000,200
l2_srcc_ood,nisqa,nisqa_val_live,-0.11709292732318308,-0.2581278232100429,0.014361977807973839,2000,200
knn_auroc,nisqa,nisqa_val_live,0.9282779999999999,0.91222745,0.94277205,2000,200
knn_fpr95,nisqa,nisqa_val_live,0.3156,0.17398999999999998,0.394,2000,200
knn_srcc_ood,nisqa,nisqa_val_live,0.15782344558613964,0.018638729069377708,0.2970226007103678,2000,200
srcc,dnsmos,nisqa_train_sim,0.7280981387518877,0.7175844608659,0.7382484667582758,2000,10000
rmse,dnsmos,nisqa_train_sim,0.8021738795141585,0.7909291387412062,0.8134449470139489,2000,10000
pcc,dnsmos,nisqa_train_sim,0.70835432873499,0.698683273986943,0.7177149236093971,2000,10000
coverage_fixed,dnsmos,nisqa_train_sim,0.7907,0.7828,0.7987,2000,10000
coverage_adaptive,dnsmos,nisqa_train_sim,0.7916,0.7836,0.7994,2000,10000
coverage_delta,dnsmos,nisqa_train_sim,0.0009000000000000119,-0.0018000000000000238,0.0033000000000000806,2000,10000
srcc,dnsmos,nisqa_train_live,0.6740563678259067,0.6376100060797169,0.707463026797095,2000,1020
rmse,dnsmos,nisqa_train_live,0.6006711322105432,0.5774635731280462,0.6244708240271842,2000,1020
pcc,dnsmos,nisqa_train_live,0.6669270833074917,0.6324641200944053,0.7004817685912896,2000,1020
coverage_fixed,dnsmos,nisqa_train_live,0.9009803921568628,0.8823529411764706,0.9176470588235294,2000,1020
coverage_adaptive,dnsmos,nisqa_train_live,0.9068627450980392,0.8892156862745098,0.9245098039215687,2000,1020
coverage_delta,dnsmos,nisqa_train_live,0.00588235294117645,-0.0019607843137254832,0.014705882352941235,2000,1020
srcc,dnsmos,nisqa_val_sim,0.6973387499720988,0.6748890510676901,0.719666864602275,2000,2500
rmse,dnsmos,nisqa_val_sim,0.8427852724614451,0.8188397658580201,0.8654778692636242,2000,2500
pcc,dnsmos,nisqa_val_sim,0.6747967323399674,0.6537588271937492,0.6956566900361457,2000,2500
coverage_fixed,dnsmos,nisqa_val_sim,0.7724,0.7556,0.7888,2000,2500
coverage_adaptive,dnsmos,nisqa_val_sim,0.7736,0.756,0.79,2000,2500
coverage_delta,dnsmos,nisqa_val_sim,0.0011999999999999789,-0.0031999999999999832,0.006000000000000005,2000,2500
srcc,dnsmos,nisqa_val_live,0.674462840810297,0.5819260802357996,0.7465327220979006,2000,200
rmse,dnsmos,nisqa_val_live,0.5726085640517637,0.5259351049907531,0.6162900913460957,2000,200
pcc,dnsmos,nisqa_val_live,0.6949891795798838,0.625875190857078,0.7555643318810041,2000,200
coverage_fixed,dnsmos,nisqa_val_live,0.92,0.88,0.955,2000,200
coverage_adaptive,dnsmos,nisqa_val_live,0.91,0.87,0.945,2000,200
coverage_delta,dnsmos,nisqa_val_live,-0.010000000000000009,-0.025000000000000022,0.0,2000,200
srcc,dnsmos,nisqa_test_for,0.5406630343811974,0.3869514656831688,0.6554723781217634,2000,60
rmse,dnsmos,nisqa_test_for,0.9946852166269882,0.8598279830252109,1.1184441297760928,2000,60
pcc,dnsmos,nisqa_test_for,0.5510689496428103,0.4190328574024969,0.6556662929036167,2000,60
coverage_fixed,dnsmos,nisqa_test_for,0.6625,0.5666666666666667,0.7541666666666667,2000,60
coverage_adaptive,dnsmos,nisqa_test_for,0.6666666666666666,0.575,0.7583333333333333,2000,60
coverage_delta,dnsmos,nisqa_test_for,0.004166666666666652,-0.01666666666666672,0.025000000000000022,2000,60
srcc,dnsmos,nisqa_test_livetalk,0.5934208265866487,0.43679765341572313,0.7199946630759911,2000,58
rmse,dnsmos,nisqa_test_livetalk,0.7496366855295195,0.6427928232289954,0.8526562920556761,2000,58
pcc,dnsmos,nisqa_test_livetalk,0.6124725250711931,0.4695774238881647,0.7297210125343963,2000,58
coverage_fixed,dnsmos,nisqa_test_livetalk,0.8318965517241379,0.7586206896551724,0.8922413793103449,2000,58
coverage_adaptive,dnsmos,nisqa_test_livetalk,0.8362068965517241,0.7629310344827587,0.896551724137931,2000,58
coverage_delta,dnsmos,nisqa_test_livetalk,0.004310344827586188,0.0,0.012931034482758674,2000,58
srcc,dnsmos,nisqa_test_p501,0.6954190017962628,0.5797108590902046,0.7708657325503283,2000,60
rmse,dnsmos,nisqa_test_p501,1.084359321076995,0.9670939638795396,1.1979483307034458,2000,60
pcc,dnsmos,nisqa_test_p501,0.6651929398947367,0.5736743746565012,0.7379569641726151,2000,60
coverage_fixed,dnsmos,nisqa_test_p501,0.5791666666666667,0.48333333333333334,0.6708333333333333,2000,60
coverage_adaptive,dnsmos,nisqa_test_p501,0.5833333333333334,0.4875,0.675,2000,60
coverage_delta,dnsmos,nisqa_test_p501,0.004166666666666652,0.0,0.012500000000000067,2000,60
mahalanobis_auroc,dnsmos,nisqa_test_for,0.6267366666666667,0.576033875,0.6777332916666666,2000,60
mahalanobis_fpr95,dnsmos,nisqa_test_for,0.908,0.85513,0.9316,2000,60
mahalanobis_srcc_ood,dnsmos,nisqa_test_for,-0.25435771454365524,-0.40562460149549423,-0.07332606470801042,2000,60
l2_auroc,dnsmos,nisqa_test_for,0.48794,0.4379709583333333,0.5397844166666665,2000,60
l2_fpr95,dnsmos,nisqa_test_for,0.9176,0.87439,0.9332,2000,60
l2_srcc_ood,dnsmos,nisqa_test_for,-0.24589836629108142,-0.39648549503842684,-0.06197588443222969,2000,60
knn_auroc,dnsmos,nisqa_test_for,0.6550816666666668,0.604757625,0.70598525,2000,60
knn_fpr95,dnsmos,nisqa_test_for,0.8696,0.7775799999999999,0.91721,2000,60
knn_srcc_ood,dnsmos,nisqa_test_for,-0.18712390840118748,-0.33980024802009495,-0.004403461370558558,2000,60
mahalanobis_auroc,dnsmos,nisqa_test_livetalk,0.7252344827586208,0.6813506465517241,0.766551422413793,2000,58
mahalanobis_fpr95,dnsmos,nisqa_test_livetalk,0.8412,0.64759,0.8864,2000,58
mahalanobis_srcc_ood,dnsmos,nisqa_test_livetalk,0.10003094434054918,-0.05805075913620241,0.25298717715787844,2000,58
l2_auroc,dnsmos,nisqa_test_livetalk,0.6119810344827586,0.5634743103448276,0.6601154741379309,2000,58
l2_fpr95,dnsmos,nisqa_test_livetalk,0.8728,0.8128,0.9376,2000,58
l2_srcc_ood,dnsmos,nisqa_test_livetalk,0.014884035603289707,-0.14271732817308733,0.17079156928617856,2000,58
knn_auroc,dnsmos,nisqa_test_livetalk,0.7473603448275863,0.7025828017241379,0.7902068103448275,2000,58
knn_fpr95,dnsmos,nisqa_test_livetalk,0.812,0.7108,0.9232,2000,58
knn_srcc_ood,dnsmos,nisqa_test_livetalk,-0.01853585218984064,-0.1693934736375176,0.1430168951500637,2000,58
mahalanobis_auroc,dnsmos,nisqa_test_p501,0.49666499999999997,0.43370108333333335,0.560585625,2000,60
mahalanobis_fpr95,dnsmos,nisqa_test_p501,0.9492,0.9168,0.9716,2000,60
mahalanobis_srcc_ood,dnsmos,nisqa_test_p501,-0.1327549089393913,-0.3044757415405826,0.055121673247227485,2000,60
l2_auroc,dnsmos,nisqa_test_p501,0.5138716666666666,0.46054941666666666,0.5679033333333332,2000,60
l2_fpr95,dnsmos,nisqa_test_p501,0.9256,0.8495900000000001,0.9652099999999999,2000,60
l2_srcc_ood,dnsmos,nisqa_test_p501,-0.2783711522769492,-0.42823187715238037,-0.10062984043972066,2000,60
knn_auroc,dnsmos,nisqa_test_p501,0.477305,0.40916862499999995,0.5509775833333332,2000,60
knn_fpr95,dnsmos,nisqa_test_p501,0.9428,0.9164,0.974,2000,60
knn_srcc_ood,dnsmos,nisqa_test_p501,-0.053621590652615486,-0.21758723111516445,0.12588117276910474,2000,60
mahalanobis_auroc,dnsmos,nisqa_val_live,0.727586,0.6972246499999999,0.7608495499999999,2000,200
mahalanobis_fpr95,dnsmos,nisqa_val_live,0.7084,0.57679,0.8136099999999999,2000,200
mahalanobis_srcc_ood,dnsmos,nisqa_val_live,-0.17699692492312308,-0.3020808395119729,-0.04104316753993236,2000,200
l2_auroc,dnsmos,nisqa_val_live,0.6402960000000001,0.6017614,0.6796122499999999,2000,200
l2_fpr95,dnsmos,nisqa_val_live,0.862,0.77359,0.9376099999999999,2000,200
l2_srcc_ood,dnsmos,nisqa_val_live,-0.19473636840921027,-0.32826815784843916,-0.054100860976717145,2000,200
knn_auroc,dnsmos,nisqa_val_live,0.7845139999999999,0.7553862,0.81508675,2000,200
knn_fpr95,dnsmos,nisqa_val_live,0.686,0.54838,0.7716,2000,200
knn_srcc_ood,dnsmos,nisqa_val_live,-0.2224135603390085,-0.35292281053624436,-0.08657338432023659,2000,200
srcc,utmos,nisqa_train_sim,0.8348601184259047,0.8287650968400456,0.8409079873717085,2000,10000
rmse,utmos,nisqa_train_sim,0.6606415988319494,0.6510511919348788,0.6705684909195063,2000,10000
pcc,utmos,nisqa_train_sim,0.8343693817011804,0.8286409603558325,0.8402538231837514,2000,10000
coverage_fixed,utmos,nisqa_train_sim,0.9569,0.9527,0.9607,2000,10000
coverage_adaptive,utmos,nisqa_train_sim,0.9444,0.9397975,0.9488,2000,10000
coverage_delta,utmos,nisqa_train_sim,-0.012499999999999956,-0.014900000000000024,-0.010000000000000009,2000,10000
srcc,utmos,nisqa_train_live,0.701954926333747,0.6694029939255083,0.7324663520562896,2000,1020
rmse,utmos,nisqa_train_live,0.8291742736794093,0.7988043380402233,0.8586565534291533,2000,1020
pcc,utmos,nisqa_train_live,0.6365106977872432,0.6045968744517619,0.667455456026539,2000,1020
coverage_fixed,utmos,nisqa_train_live,0.9009803921568628,0.8833333333333333,0.9186274509803921,2000,1020
coverage_adaptive,utmos,nisqa_train_live,0.9068627450980392,0.8892156862745098,0.9235294117647059,2000,1020
coverage_delta,utmos,nisqa_train_live,0.00588235294117645,-0.0029411764705882274,0.015686274509803866,2000,1020
srcc,utmos,nisqa_val_sim,0.8270456417958953,0.8127802090269635,0.8388081798645822,2000,2500
rmse,utmos,nisqa_val_sim,0.6738129030763181,0.6540540546222184,0.6949382015946093,2000,2500
pcc,utmos,nisqa_val_sim,0.8279645883410708,0.8143134118458706,0.8395581714695037,2000,2500
coverage_fixed,utmos,nisqa_val_sim,0.9508,0.9424,0.9596,2000,2500
coverage_adaptive,utmos,nisqa_val_sim,0.9408,0.9316,0.9500099999999999,2000,2500
coverage_delta,utmos,nisqa_val_sim,-0.010000000000000009,-0.014800000000000035,-0.005589999999999997,2000,2500
srcc,utmos,nisqa_val_live,0.749089059126412,0.6760161346138777,0.8050093255526656,2000,200
rmse,utmos,nisqa_val_live,0.8515482255677249,0.7786103721763262,0.9257251459338804,2000,200
pcc,utmos,nisqa_val_live,0.6359683154976975,0.5589202837663098,0.7047113031413835,2000,200
coverage_fixed,utmos,nisqa_val_live,0.895,0.85,0.935,2000,200
coverage_adaptive,utmos,nisqa_val_live,0.875,0.8298749999999999,0.92,2000,200
coverage_delta,utmos,nisqa_val_live,-0.020000000000000018,-0.040000000000000036,-0.0050000000000000044,2000,200
srcc,utmos,nisqa_test_for,0.7690400244402625,0.6492046268388357,0.8447564312159099,2000,60
rmse,utmos,nisqa_test_for,0.6039910494581653,0.519746246924079,0.6859315806931234,2000,60
pcc,utmos,nisqa_test_for,0.8011338677264535,0.7233801829292775,0.8605319594066655,2000,60
coverage_fixed,utmos,nisqa_test_for,0.9625,0.9291666666666667,0.9916666666666667,2000,60
coverage_adaptive,utmos,nisqa_test_for,0.95,0.9125,0.9833333333333333,2000,60
coverage_delta,utmos,nisqa_test_for,-0.012500000000000067,-0.025000000000000022,0.0,2000,60
srcc,utmos,nisqa_test_livetalk,0.7734344258519573,0.6660344942185031,0.8458677088275148,2000,58
rmse,utmos,nisqa_test_livetalk,1.0224339380142842,0.9254034492088302,1.113725510943471,2000,58
pcc,utmos,nisqa_test_livetalk,0.7709193799629743,0.6741969917972035,0.8423805850759691,2000,58
coverage_fixed,utmos,nisqa_test_livetalk,0.8017241379310345,0.7241379310344828,0.8663793103448276,2000,58
coverage_adaptive,utmos,nisqa_test_livetalk,0.7801724137931034,0.7068965517241379,0.8491379310344828,2000,58
coverage_delta,utmos,nisqa_test_livetalk,-0.02155172413793105,-0.04741379310344829,0.004310344827586299,2000,58
srcc,utmos,nisqa_test_p501,0.8798610298103627,0.8012567864897799,0.9216706955889721,2000,60
rmse,utmos,nisqa_test_p501,0.6357629618710225,0.5478762585687625,0.7219849789757647,2000,60
pcc,utmos,nisqa_test_p501,0.8538377809093959,0.7893661031514952,0.9011550902724645,2000,60
coverage_fixed,utmos,nisqa_test_p501,0.9833333333333333,0.9583333333333334,1.0,2000,60
coverage_adaptive,utmos,nisqa_test_p501,0.9708333333333333,0.9333333333333333,0.9958333333333333,2000,60
coverage_delta,utmos,nisqa_test_p501,-0.012499999999999956,-0.029166666666666674,0.0,2000,60
mahalanobis_auroc,utmos,nisqa_test_for,0.38493,0.3445774166666667,0.4299992499999999,2000,60
mahalanobis_fpr95,utmos,nisqa_test_for,0.9448,0.9188,0.9668,2000,60
mahalanobis_srcc_ood,utmos,nisqa_test_for,-0.0036502369832809582,-0.17114305112549166,0.170368945817189,2000,60
l2_auroc,utmos,nisqa_test_for,0.47804500000000005,0.4237612499999999,0.5348470833333333,2000,60
l2_fpr95,utmos,nisqa_test_for,0.9448,0.90116,0.9596,2000,60
l2_srcc_ood,utmos,nisqa_test_for,-0.1774466570600184,-0.36123134581322364,0.020476453437891853,2000,60
knn_auroc,utmos,nisqa_test_for,0.41780833333333334,0.3754665833333334,0.46515204166666657,2000,60
knn_fpr95,utmos,nisqa_test_for,0.9268,0.9084,0.956,2000,60
knn_srcc_ood,utmos,nisqa_test_for,0.04198249969617527,-0.13655075821148793,0.22651897385966857,2000,60
mahalanobis_auroc,utmos,nisqa_test_livetalk,0.616996551724138,0.5790619396551724,0.6565141379310344,2000,58
mahalanobis_fpr95,utmos,nisqa_test_livetalk,0.7604,0.6839900000000001,0.8261499999999992,2000,58
mahalanobis_srcc_ood,utmos,nisqa_test_livetalk,-0.10390571393975269,-0.24747676766287216,0.04935153751982433,2000,58
l2_auroc,utmos,nisqa_test_livetalk,0.5207103448275862,0.46376534482758625,0.5781318965517241,2000,58
l2_fpr95,utmos,nisqa_test_livetalk,0.9304,0.8732,0.9532,2000,58
l2_srcc_ood,utmos,nisqa_test_livetalk,-0.32991279846393057,-0.48205305016808553,-0.15495355831907573,2000,58
knn_auroc,utmos,nisqa_test_livetalk,0.6158241379310345,0.5783935344827587,0.6549499568965517,2000,58
knn_fpr95,utmos,nisqa_test_livetalk,0.852,0.8156,0.8884099999999999,2000,58
knn_srcc_ood,utmos,nisqa_test_livetalk,-0.0688492357132286,-0.22117765887172788,0.0774421389649499,2000,58
mahalanobis_auroc,utmos,nisqa_test_p501,0.5347250000000001,0.4841489166666667,0.5851221249999999,2000,60
mahalanobis_fpr95,utmos,nisqa_test_p501,0.8152,0.7824,0.88001,2000,60
mahalanobis_srcc_ood,utmos,nisqa_test_p501,-0.07123387558811783,-0.25028817311796564,0.11216466881545537,2000,60
l2_auroc,utmos,nisqa_test_p501,0.5052,0.4400595,0.5707219166666666,2000,60
l2_fpr95,utmos,nisqa_test_p501,0.9408,0.9088,0.9528,2000,60
l2_srcc_ood,utmos,nisqa_test_p501,-0.25334207191097063,-0.4150287801511981,-0.07441509496016284,2000,60
knn_auroc,utmos,nisqa_test_p501,0.5291216666666666,0.480677125,0.5777785416666668,2000,60
knn_fpr95,utmos,nisqa_test_p501,0.8924,0.8163900000000001,0.9244199999999999,2000,60
knn_srcc_ood,utmos,nisqa_test_p501,-0.05491935623882358,-0.22726812035276425,0.12603798649333967,2000,60
mahalanobis_auroc,utmos,nisqa_val_live,0.629082,0.5951242999999999,0.6620269,2000,200
mahalanobis_fpr95,utmos,nisqa_val_live,0.772,0.724,0.84241,2000,200
mahalanobis_srcc_ood,utmos,nisqa_val_live,-0.11430135753393834,-0.2503611938317265,0.02521305476342134,2000,200
l2_auroc,utmos,nisqa_val_live,0.6728279999999999,0.6395358,0.7041723999999999,2000,200
l2_fpr95,utmos,nisqa_val_live,0.7336,0.67479,0.842,2000,200
l2_srcc_ood,utmos,nisqa_val_live,-0.26823520588014704,-0.40127719201916506,-0.12617291410565298,2000,200
knn_auroc,utmos,nisqa_val_live,0.6371100000000001,0.59792835,0.67411095,2000,200
knn_fpr95,utmos,nisqa_val_live,0.8772,0.7752,0.9292,2000,200
knn_srcc_ood,utmos,nisqa_val_live,-0.03657091427285682,-0.16689483164058272,0.10733671813883558,2000,200
