model,dataset,alpha,nominal_coverage,method,coverage,mean_width
nisqa,nisqa_train_sim,0.05,0.95,conformal_fixed,0.7847,2.141486167907715
nisqa,nisqa_train_sim,0.05,0.95,conformal_adaptive,0.7706,2.09063720703125
nisqa,nisqa_train_live,0.05,0.95,conformal_fixed,0.9509803921568627,2.141486167907715
nisqa,nisqa_train_live,0.05,0.95,conformal_adaptive,0.9558823529411765,2.1783130168914795
nisqa,nisqa_val_sim,0.05,0.95,conformal_fixed,0.7708,2.141486167907715
nisqa,nisqa_val_sim,0.05,0.95,conformal_adaptive,0.762,2.085218667984009
nisqa,nisqa_val_live,0.05,0.95,conformal_fixed,0.975,2.141486406326294
nisqa,nisqa_val_live,0.05,0.95,conformal_adaptive,0.97,2.1785128116607666
nisqa,nisqa_test_for,0.05,0.95,conformal_fixed,0.8833333333333333,2.141486167907715
nisqa,nisqa_test_for,0.05,0.95,conformal_adaptive,0.8833333333333333,2.126433849334717
nisqa,nisqa_test_livetalk,0.05,0.95,conformal_fixed,0.853448275862069,2.141486167907715
nisqa,nisqa_test_livetalk,0.05,0.95,conformal_adaptive,0.8577586206896551,2.1726021766662598
nisqa,nisqa_test_p501,0.05,0.95,conformal_fixed,0.8875,2.141486167907715
nisqa,nisqa_test_p501,0.05,0.95,conformal_adaptive,0.8958333333333334,2.129295825958252
nisqa,nisqa_train_sim,0.1,0.9,conformal_fixed,0.6798,1.7016808986663818
nisqa,nisqa_train_sim,0.1,0.9,conformal_adaptive,0.6553,1.6242246627807617
nisqa,nisqa_train_live,0.1,0.9,conformal_fixed,0.9009803921568628,1.7016808986663818
nisqa,nisqa_train_live,0.1,0.9,conformal_adaptive,0.9068627450980392,1.7321057319641113
nisqa,nisqa_val_sim,0.1,0.9,conformal_fixed,0.6724,1.7016806602478027
nisqa,nisqa_val_sim,0.1,0.9,conformal_adaptive,0.6476,1.6193575859069824
nisqa,nisqa_val_live,0.1,0.9,conformal_fixed,0.895,1.7016807794570923
nisqa,nisqa_val_live,0.1,0.9,conformal_adaptive,0.895,1.7326105833053589
nisqa,nisqa_test_for,0.1,0.9,conformal_fixed,0.7791666666666667,1.7016807794570923
nisqa,nisqa_test_for,0.1,0.9,conformal_adaptive,0.7958333333333333,1.6659085750579834
nisqa,nisqa_test_livetalk,0.1,0.9,conformal_fixed,0.7198275862068966,1.7016808986663818
nisqa,nisqa_test_livetalk,0.1,0.9,conformal_adaptive,0.7413793103448276,1.7196003198623657
nisqa,nisqa_test_p501,0.1,0.9,conformal_fixed,0.8041666666666667,1.7016810178756714
nisqa,nisqa_test_p501,0.1,0.9,conformal_adaptive,0.8208333333333333,1.6698377132415771
nisqa,nisqa_train_sim,0.2,0.8,conformal_fixed,0.5736,1.342618703842163
nisqa,nisqa_train_sim,0.2,0.8,conformal_adaptive,0.5254,1.1997660398483276
nisqa,nisqa_train_live,0.2,0.8,conformal_fixed,0.8009803921568628,1.342618703842163
nisqa,nisqa_train_live,0.2,0.8,conformal_adaptive,0.803921568627451,1.3543449640274048
nisqa,nisqa_val_sim,0.2,0.8,conformal_fixed,0.5572,1.342618465423584
nisqa,nisqa_val_sim,0.2,0.8,conformal_adaptive,0.514,1.1912121772766113
nisqa,nisqa_val_live,0.2,0.8,conformal_fixed,0.78,1.3426185846328735
nisqa,nisqa_val_live,0.2,0.8,conformal_adaptive,0.795,1.3544710874557495
nisqa,nisqa_test_for,0.2,0.8,conformal_fixed,0.7166666666666667,1.3426185846328735
nisqa,nisqa_test_for,0.2,0.8,conformal_adaptive,0.7166666666666667,1.2578504085540771
nisqa,nisqa_test_livetalk,0.2,0.8,conformal_fixed,0.6120689655172413,1.3426185846328735
nisqa,nisqa_test_livetalk,0.2,0.8,conformal_adaptive,0.6293103448275862,1.344419002532959
nisqa,nisqa_test_p501,0.2,0.8,conformal_fixed,0.6833333333333333,1.3426185846328735
nisqa,nisqa_test_p501,0.2,0.8,conformal_adaptive,0.6583333333333333,1.265844464302063
dnsmos,nisqa_train_sim,0.05,0.95,conformal_fixed,0.8505,2.279355049133301
dnsmos,nisqa_train_sim,0.05,0.95,conformal_adaptive,0.8492,2.282813310623169
dnsmos,nisqa_train_live,0.05,0.95,conformal_fixed,0.9509803921568627,2.2793548107147217
dnsmos,nisqa_train_live,0.05,0.95,conformal_adaptive,0.9558823529411765,2.3217549324035645
dnsmos,nisqa_val_sim,0.05,0.95,conformal_fixed,0.8332,2.2793548107147217
dnsmos,nisqa_val_sim,0.05,0.95,conformal_adaptive,0.828,2.2776143550872803
dnsmos,nisqa_val_live,0.05,0.95,conformal_fixed,0.97,2.279355049133301
dnsmos,nisqa_val_live,0.05,0.95,conformal_adaptive,0.975,2.3346524238586426
dnsmos,nisqa_test_for,0.05,0.95,conformal_fixed,0.7333333333333333,2.2793548107147217
dnsmos,nisqa_test_for,0.05,0.95,conformal_adaptive,0.7375,2.3372411727905273
dnsmos,nisqa_test_livetalk,0.05,0.95,conformal_fixed,0.8706896551724138,2.2793548107147217
dnsmos,nisqa_test_livetalk,0.05,0.95,conformal_adaptive,0.8706896551724138,2.3397045135498047
dnsmos,nisqa_test_p501,0.05,0.95,conformal_fixed,0.6375,2.2793548107147217
dnsmos,nisqa_test_p501,0.05,0.95,conformal_adaptive,0.6583333333333333,2.291501522064209
dnsmos,nisqa_train_sim,0.1,0.9,conformal_fixed,0.7907,1.9751243591308594
dnsmos,nisqa_train_sim,0.1,0.9,conformal_adaptive,0.7916,1.9861539602279663
dnsmos,nisqa_train_live,0.1,0.9,conformal_fixed,0.9009803921568628,1.9751243591308594
dnsmos,nisqa_train_live,0.1,0.9,conformal_adaptive,0.9068627450980392,1.9675618410110474
dnsmos,nisqa_val_sim,0.1,0.9,conformal_fixed,0.7724,1.9751242399215698
dnsmos,nisqa_val_sim,0.1,0.9,conformal_adaptive,0.7736,1.9866271018981934
dnsmos,nisqa_val_live,0.1,0.9,conformal_fixed,0.92,1.9751243591308594
dnsmos,nisqa_val_live,0.1,0.9,conformal_adaptive,0.91,1.9861563444137573
dnsmos,nisqa_test_for,0.1,0.9,conformal_fixed,0.6625,1.9751243591308594
dnsmos,nisqa_test_for,0.1,0.9,conformal_adaptive,0.6666666666666666,1.9988486766815186
dnsmos,nisqa_test_livetalk,0.1,0.9,conformal_fixed,0.8318965517241379,1.9751243591308594
dnsmos,nisqa_test_livetalk,0.1,0.9,conformal_adaptive,0.8362068965517241,1.9831441640853882
dnsmos,nisqa_test_p501,0.1,0.9,conformal_fixed,0.5791666666666667,1.9751243591308594
dnsmos,nisqa_test_p501,0.1,0.9,conformal_adaptive,0.5833333333333334,1.9900109767913818
dnsmos,nisqa_train_sim,0.2,0.8,conformal_fixed,0.6668,1.5562740564346313
dnsmos,nisqa_train_sim,0.2,0.8,conformal_adaptive,0.6778,1.5872673988342285
dnsmos,nisqa_train_live,0.2,0.8,conformal_fixed,0.8009803921568628,1.556274175643921
dnsmos,nisqa_train_live,0.2,0.8,conformal_adaptive,0.803921568627451,1.5835415124893188
dnsmos,nisqa_val_sim,0.2,0.8,conformal_fixed,0.6472,1.5562738180160522
dnsmos,nisqa_val_sim,0.2,0.8,conformal_adaptive,0.6624,1.5866658687591553
dnsmos,nisqa_val_live,0.2,0.8,conformal_fixed,0.825,1.5562740564346313
dnsmos,nisqa_val_live,0.2,0.8,conformal_adaptive,0.83,1.592565894126892
dnsmos,nisqa_test_for,0.2,0.8,conformal_fixed,0.5333333333333333,1.5562740564346313
dnsmos,nisqa_test_for,0.2,0.8,conformal_adaptive,0.5541666666666667,1.5962010622024536
dnsmos,nisqa_test_livetalk,0.2,0.8,conformal_fixed,0.7327586206896551,1.5562740564346313
dnsmos,nisqa_test_livetalk,0.2,0.8,conformal_adaptive,0.7586206896551724,1.596522331237793
dnsmos,nisqa_test_p501,0.2,0.8,conformal_fixed,0.4666666666666667,1.5562739372253418
dnsmos,nisqa_test_p501,0.2,0.8,conformal_adaptive,0.4708333333333333,1.5891414880752563
utmos,nisqa_train_sim,0.05,0.95,conformal_fixed,0.9722,2.9893152713775635
utmos,nisqa_train_sim,0.05,0.95,conformal_adaptive,0.9741,3.072169303894043
utmos,nisqa_train_live,0.05,0.95,conformal_fixed,0.9509803921568627,2.9893155097961426
utmos,nisqa_train_live,0.05,0.95,conformal_adaptive,0.9558823529411765,3.093780755996704
utmos,nisqa_val_sim,0.05,0.95,conformal_fixed,0.9712,2.9893152713775635
utmos,nisqa_val_sim,0.05,0.95,conformal_adaptive,0.9724,3.0622780323028564
utmos,nisqa_val_live,0.05,0.95,conformal_fixed,0.915,2.9893152713775635
utmos,nisqa_val_live,0.05,0.95,conformal_adaptive,0.95,3.114514112472534
utmos,nisqa_test_for,0.05,0.95,conformal_fixed,0.9833333333333333,2.9893152713775635
utmos,nisqa_test_for,0.05,0.95,conformal_adaptive,0.9833333333333333,3.0606398582458496
utmos,nisqa_test_livetalk,0.05,0.95,conformal_fixed,0.875,2.9893152713775635
utmos,nisqa_test_livetalk,0.05,0.95,conformal_adaptive,0.896551724137931,3.144766330718994
utmos,nisqa_test_p501,0.05,0.95,conformal_fixed,0.9875,2.9893152713775635
utmos,nisqa_test_p501,0.05,0.95,conformal_adaptive,0.9875,3.1038782596588135
utmos,nisqa_train_sim,0.1,0.9,conformal_fixed,0.9569,2.6957123279571533
utmos,nisqa_train_sim,0.1,0.9,conformal_adaptive,0.9444,2.586423397064209
utmos,nisqa_train_live,0.1,0.9,conformal_fixed,0.9009803921568628,2.6957123279571533
utmos,nisqa_train_live,0.1,0.9,conformal_adaptive,0.9068627450980392,2.6503872871398926
utmos,nisqa_val_sim,0.1,0.9,conformal_fixed,0.9508,2.695711851119995
utmos,nisqa_val_sim,0.1,0.9,conformal_adaptive,0.9408,2.5828161239624023
utmos,nisqa_val_live,0.1,0.9,conformal_fixed,0.895,2.6957123279571533
utmos,nisqa_val_live,0.1,0.9,conformal_adaptive,0.875,2.6604747772216797
utmos,nisqa_test_for,0.1,0.9,conformal_fixed,0.9625,2.6957123279571533
utmos,nisqa_test_for,0.1,0.9,conformal_adaptive,0.95,2.5585055351257324
utmos,nisqa_test_livetalk,0.1,0.9,conformal_fixed,0.8017241379310345,2.6957123279571533
utmos,nisqa_test_livetalk,0.1,0.9,conformal_adaptive,0.7801724137931034,2.6681456565856934
utmos,nisqa_test_p501,0.1,0.9,conformal_fixed,0.9833333333333333,2.6957123279571533
utmos,nisqa_test_p501,0.1,0.9,conformal_adaptive,0.9708333333333333,2.622476100921631
utmos,nisqa_train_sim,0.2,0.8,conformal_fixed,0.9071,2.2181150913238525
utmos,nisqa_train_sim,0.2,0.8,conformal_adaptive,0.8977,2.1691715717315674
utmos,nisqa_train_live,0.2,0.8,conformal_fixed,0.8009803921568628,2.2181150913238525
utmos,nisqa_train_live,0.2,0.8,conformal_adaptive,0.803921568627451,2.1637685298919678
utmos,nisqa_val_sim,0.2,0.8,conformal_fixed,0.898,2.2181150913238525
utmos,nisqa_val_sim,0.2,0.8,conformal_adaptive,0.8868,2.147854804992676
utmos,nisqa_val_live,0.2,0.8,conformal_fixed,0.78,2.2181148529052734
utmos,nisqa_val_live,0.2,0.8,conformal_adaptive,0.775,2.2020909786224365
utmos,nisqa_test_for,0.2,0.8,conformal_fixed,0.9208333333333333,2.2181150913238525
utmos,nisqa_test_for,0.2,0.8,conformal_adaptive,0.9083333333333333,2.1808857917785645
utmos,nisqa_test_livetalk,0.2,0.8,conformal_fixed,0.6508620689655172,2.2181148529052734
utmos,nisqa_test_livetalk,0.2,0.8,conformal_adaptive,0.6422413793103449,2.2253592014312744
utmos,nisqa_test_p501,0.2,0.8,conformal_fixed,0.9083333333333333,2.2181150913238525
utmos,nisqa_test_p501,0.2,0.8,conformal_adaptive,0.9083333333333333,2.214536428451538
