coverage,n_retained,rmse_abstain_high_score,rmse_random_abstention,model,dataset,score
1.0,240,0.7339900568228516,0.7339900568228515,nisqa,nisqa_test_for,mahalanobis
0.9,216,0.7360376165978021,0.7330518409282589,nisqa,nisqa_test_for,mahalanobis
0.8,192,0.7477898022344058,0.7352428352515501,nisqa,nisqa_test_for,mahalanobis
0.7,168,0.7466856269988259,0.7326631393170366,nisqa,nisqa_test_for,mahalanobis
0.6,144,0.7736478259558098,0.7337420353336964,nisqa,nisqa_test_for,mahalanobis
0.5,120,0.8255642429463262,0.7328271245139751,nisqa,nisqa_test_for,mahalanobis
1.0,240,0.7339900568228516,0.7339900568228515,nisqa,nisqa_test_for,l2
0.9,216,0.7640075895180068,0.7329417463632326,nisqa,nisqa_test_for,l2
0.8,192,0.7916321472982303,0.7327987016957869,nisqa,nisqa_test_for,l2
0.7,168,0.7919837009415619,0.7318554077206049,nisqa,nisqa_test_for,l2
0.6,144,0.7870571611862336,0.7288315127906586,nisqa,nisqa_test_for,l2
0.5,120,0.8226499937724933,0.7270983328678113,nisqa,nisqa_test_for,l2
1.0,240,0.7339900568228516,0.7339900568228515,nisqa,nisqa_test_for,knn
0.9,216,0.7352175558963351,0.7333560342305995,nisqa,nisqa_test_for,knn
0.8,192,0.7448956524977933,0.7340791726494182,nisqa,nisqa_test_for,knn
0.7,168,0.7552898362615312,0.7332112067953469,nisqa,nisqa_test_for,knn
0.6,144,0.7156878694388551,0.7350098791458436,nisqa,nisqa_test_for,knn
0.5,120,0.7086390073773994,0.7338204140638641,nisqa,nisqa_test_for,knn
1.0,240,0.7339900568228516,0.7339900568228515,nisqa,nisqa_test_for,mos_extremity
0.9,216,0.7565991147139152,0.7335547409439552,nisqa,nisqa_test_for,mos_extremity
0.8,192,0.7816465803666577,0.7351251179054897,nisqa,nisqa_test_for,mos_extremity
0.7,168,0.81546375667527,0.7316143511696868,nisqa,nisqa_test_for,mos_extremity
0.6,144,0.8216253357650158,0.7306169821106667,nisqa,nisqa_test_for,mos_extremity
0.5,120,0.7759884958190655,0.7291939841161843,nisqa,nisqa_test_for,mos_extremity
1.0,232,0.747153278252608,0.7471532782526079,nisqa,nisqa_test_livetalk,mahalanobis
0.9,209,0.7519831843165176,0.7463149394949748,nisqa,nisqa_test_livetalk,mahalanobis
0.8,186,0.7202100474005102,0.7468183214614741,nisqa,nisqa_test_livetalk,mahalanobis
0.7,162,0.7031940883751924,0.7468678065354308,nisqa,nisqa_test_livetalk,mahalanobis
0.6,139,0.7233920876273423,0.7472648095077937,nisqa,nisqa_test_livetalk,mahalanobis
0.5,116,0.7268354514754418,0.7424805141700894,nisqa,nisqa_test_livetalk,mahalanobis
1.0,232,0.747153278252608,0.7471532782526079,nisqa,nisqa_test_livetalk,l2
0.9,209,0.7331835243542301,0.7474791641085102,nisqa,nisqa_test_livetalk,l2
0.8,186,0.7308900449711592,0.7479553175204695,nisqa,nisqa_test_livetalk,l2
0.7,162,0.7051072755684624,0.7484118920721784,nisqa,nisqa_test_livetalk,l2
0.6,139,0.731659893631234,0.7456934797707983,nisqa,nisqa_test_livetalk,l2
0.5,116,0.7339754861546551,0.746846948890878,nisqa,nisqa_test_livetalk,l2
1.0,232,0.747153278252608,0.7471532782526079,nisqa,nisqa_test_livetalk,knn
0.9,209,0.7492613281065449,0.7467095187450574,nisqa,nisqa_test_livetalk,knn
0.8,186,0.7627315045380593,0.7475156427387029,nisqa,nisqa_test_livetalk,knn
0.7,162,0.7722872258061423,0.7473178504167247,nisqa,nisqa_test_livetalk,knn
0.6,139,0.7823790106680688,0.747044569367802,nisqa,nisqa_test_livetalk,knn
0.5,116,0.744525060954155,0.7402303977215385,nisqa,nisqa_test_livetalk,knn
1.0,232,0.747153278252608,0.7471532782526079,nisqa,nisqa_test_livetalk,mos_extremity
0.9,209,0.7445700773370433,0.7480562449111212,nisqa,nisqa_test_livetalk,mos_extremity
0.8,186,0.7403656811244411,0.7466025535835382,nisqa,nisqa_test_livetalk,mos_extremity
0.7,162,0.7501963172730073,0.7465521968370912,nisqa,nisqa_test_livetalk,mos_extremity
0.6,139,0.7629524801375505,0.7478574686630957,nisqa,nisqa_test_livetalk,mos_extremity
0.5,116,0.7823883531977022,0.7490150897441807,nisqa,nisqa_test_livetalk,mos_extremity
1.0,240,0.6527052284849141,0.652705228484914,nisqa,nisqa_test_p501,mahalanobis
0.9,216,0.6532152873509746,0.6529481021873142,nisqa,nisqa_test_p501,mahalanobis
0.8,192,0.6515614495625768,0.6512770823508737,nisqa,nisqa_test_p501,mahalanobis
0.7,168,0.652824131105117,0.6511958889104783,nisqa,nisqa_test_p501,mahalanobis
0.6,144,0.6425495334433947,0.6504468272626923,nisqa,nisqa_test_p501,mahalanobis
0.5,120,0.6305867300056823,0.6495625247935908,nisqa,nisqa_test_p501,mahalanobis
1.0,240,0.6527052284849141,0.652705228484914,nisqa,nisqa_test_p501,l2
0.9,216,0.6509097314330066,0.6528288485087741,nisqa,nisqa_test_p501,l2
0.8,192,0.6602883377328492,0.652979109067506,nisqa,nisqa_test_p501,l2
0.7,168,0.6603970165098181,0.651720135135011,nisqa,nisqa_test_p501,l2
0.6,144,0.6270947250390617,0.6508605915235028,nisqa,nisqa_test_p501,l2
0.5,120,0.573296251443106,0.6537547864097293,nisqa,nisqa_test_p501,l2
1.0,240,0.6527052284849141,0.652705228484914,nisqa,nisqa_test_p501,knn
0.9,216,0.6468709540064999,0.651505798948049,nisqa,nisqa_test_p501,knn
0.8,192,0.6496421915077617,0.653290304831718,nisqa,nisqa_test_p501,knn
0.7,168,0.6768985663596573,0.652047999236527,nisqa,nisqa_test_p501,knn
0.6,144,0.6915028829592444,0.6515831721570655,nisqa,nisqa_test_p501,knn
0.5,120,0.709114826788764,0.6551910976075023,nisqa,nisqa_test_p501,knn
1.0,240,0.6527052284849141,0.652705228484914,nisqa,nisqa_test_p501,mos_extremity
0.9,216,0.6570425653603607,0.6528684090428718,nisqa,nisqa_test_p501,mos_extremity
0.8,192,0.683557369233054,0.6532188172174029,nisqa,nisqa_test_p501,mos_extremity
0.7,168,0.7109601114533184,0.6505587915600927,nisqa,nisqa_test_p501,mos_extremity
0.6,144,0.7352989925531138,0.6518855208275102,nisqa,nisqa_test_p501,mos_extremity
0.5,120,0.7255558401413224,0.6517813043500646,nisqa,nisqa_test_p501,mos_extremity
1.0,200,0.5251128738340533,0.5251128738340531,nisqa,nisqa_val_live,mahalanobis
0.9,180,0.530448782705076,0.5241739303586129,nisqa,nisqa_val_live,mahalanobis
0.8,160,0.5342730730504324,0.5243360444792347,nisqa,nisqa_val_live,mahalanobis
0.7,140,0.5422217321179744,0.5244765317477444,nisqa,nisqa_val_live,mahalanobis
0.6,120,0.5522831350452099,0.5238538207112132,nisqa,nisqa_val_live,mahalanobis
0.5,100,0.5481388681821455,0.5268708494699018,nisqa,nisqa_val_live,mahalanobis
1.0,200,0.5251128738340533,0.5251128738340531,nisqa,nisqa_val_live,l2
0.9,180,0.5414731379205893,0.5261455487686362,nisqa,nisqa_val_live,l2
0.8,160,0.5527092057390086,0.5240520116223983,nisqa,nisqa_val_live,l2
0.7,140,0.5634449569435973,0.5254059713059711,nisqa,nisqa_val_live,l2
0.6,120,0.5757966600333676,0.5227054134083701,nisqa,nisqa_val_live,l2
0.5,100,0.5962110632038272,0.5253621194334519,nisqa,nisqa_val_live,l2
1.0,200,0.5251128738340533,0.5251128738340531,nisqa,nisqa_val_live,knn
0.9,180,0.5225831108718325,0.5255777658227206,nisqa,nisqa_val_live,knn
0.8,160,0.5036179630705351,0.5262342406167697,nisqa,nisqa_val_live,knn
0.7,140,0.4978362373666914,0.5246773878079887,nisqa,nisqa_val_live,knn
0.6,120,0.5027680365078518,0.5248439834936032,nisqa,nisqa_val_live,knn
0.5,100,0.5116881629267592,0.5207265085876057,nisqa,nisqa_val_live,knn
1.0,200,0.5251128738340533,0.5251128738340531,nisqa,nisqa_val_live,mos_extremity
0.9,180,0.5476685531467389,0.5243763697642667,nisqa,nisqa_val_live,mos_extremity
0.8,160,0.5424083327153641,0.5249745726788274,nisqa,nisqa_val_live,mos_extremity
0.7,140,0.5345881989606215,0.5254007706711096,nisqa,nisqa_val_live,mos_extremity
0.6,120,0.5327759894517528,0.5221668609523187,nisqa,nisqa_val_live,mos_extremity
0.5,100,0.5273916497827215,0.5227117718963358,nisqa,nisqa_val_live,mos_extremity
1.0,240,0.9946852166269882,0.9946852166269884,dnsmos,nisqa_test_for,mahalanobis
0.9,216,1.024725801188413,0.9969061846403939,dnsmos,nisqa_test_for,mahalanobis
0.8,192,1.053375520778479,0.9942313480030833,dnsmos,nisqa_test_for,mahalanobis
0.7,168,1.072519251779388,0.9956245548967964,dnsmos,nisqa_test_for,mahalanobis
0.6,144,1.097191431043233,0.9926819208173737,dnsmos,nisqa_test_for,mahalanobis
0.5,120,1.122642823481345,0.994599497370824,dnsmos,nisqa_test_for,mahalanobis
1.0,240,0.9946852166269882,0.9946852166269884,dnsmos,nisqa_test_for,l2
0.9,216,1.0306229058627838,0.9953757933603817,dnsmos,nisqa_test_for,l2
0.8,192,1.042019073976924,0.994999185285382,dnsmos,nisqa_test_for,l2
0.7,168,1.08157389108978,0.992867004484137,dnsmos,nisqa_test_for,l2
0.6,144,1.118378154120248,0.9961473777185126,dnsmos,nisqa_test_for,l2
0.5,120,1.137483305935194,0.9937070362166059,dnsmos,nisqa_test_for,l2
1.0,240,0.9946852166269882,0.9946852166269884,dnsmos,nisqa_test_for,knn
0.9,216,1.017316220991048,0.9959675821975896,dnsmos,nisqa_test_for,knn
0.8,192,1.039881328900745,0.9964390330904394,dnsmos,nisqa_test_for,knn
0.7,168,1.0292046314559085,0.9923808561257086,dnsmos,nisqa_test_for,knn
0.6,144,1.0755939942199053,0.997246571488676,dnsmos,nisqa_test_for,knn
0.5,120,1.1207664215699105,0.9912032215621303,dnsmos,nisqa_test_for,knn
1.0,240,0.9946852166269882,0.9946852166269884,dnsmos,nisqa_test_for,mos_extremity
0.9,216,1.0101310341113237,0.9934240753800452,dnsmos,nisqa_test_for,mos_extremity
0.8,192,1.0170968502995694,0.9959570027720969,dnsmos,nisqa_test_for,mos_extremity
0.7,168,1.0312283665634914,0.9942463922571789,dnsmos,nisqa_test_for,mos_extremity
0.6,144,1.0423935978337908,0.9949836394804801,dnsmos,nisqa_test_for,mos_extremity
0.5,120,1.015966807100771,0.9993294794757576,dnsmos,nisqa_test_for,mos_extremity
1.0,232,0.7496366855295195,0.7496366855295195,dnsmos,nisqa_test_livetalk,mahalanobis
0.9,209,0.7506825625012079,0.7486422566409483,dnsmos,nisqa_test_livetalk,mahalanobis
0.8,186,0.7354783275792544,0.7482545835789237,dnsmos,nisqa_test_livetalk,mahalanobis
0.7,162,0.7474185354166171,0.7466315363513425,dnsmos,nisqa_test_livetalk,mahalanobis
0.6,139,0.7344000018619193,0.74858304612649,dnsmos,nisqa_test_livetalk,mahalanobis
0.5,116,0.7598882796708354,0.7502960582076028,dnsmos,nisqa_test_livetalk,mahalanobis
1.0,232,0.7496366855295195,0.7496366855295195,dnsmos,nisqa_test_livetalk,l2
0.9,209,0.7424303404137031,0.7495135139410817,dnsmos,nisqa_test_livetalk,l2
0.8,186,0.758374658457487,0.7503938714824494,dnsmos,nisqa_test_livetalk,l2
0.7,162,0.7455372968728768,0.7512889980571417,dnsmos,nisqa_test_livetalk,l2
0.6,139,0.7318069288810992,0.7501758220570599,dnsmos,nisqa_test_livetalk,l2
0.5,116,0.767546663923757,0.7525269602947608,dnsmos,nisqa_test_livetalk,l2
1.0,232,0.7496366855295195,0.7496366855295195,dnsmos,nisqa_test_livetalk,knn
0.9,209,0.7570948089089968,0.7499527928488683,dnsmos,nisqa_test_livetalk,knn
0.8,186,0.75864829317586,0.7496108195441454,dnsmos,nisqa_test_livetalk,knn
0.7,162,0.7686382950831842,0.7471178504941092,dnsmos,nisqa_test_livetalk,knn
0.6,139,0.7947700505787996,0.7519105974261229,dnsmos,nisqa_test_livetalk,knn
0.5,116,0.7905037189254579,0.7441462516133004,dnsmos,nisqa_test_livetalk,knn
1.0,232,0.7496366855295195,0.7496366855295195,dnsmos,nisqa_test_livetalk,mos_extremity
0.9,209,0.7443331128319266,0.7499435156193961,dnsmos,nisqa_test_livetalk,mos_extremity
0.8,186,0.7727427910220549,0.7497351582320768,dnsmos,nisqa_test_livetalk,mos_extremity
0.7,162,0.7834471878460042,0.7498381940636445,dnsmos,nisqa_test_livetalk,mos_extremity
0.6,139,0.7873164154451018,0.7523799732261139,dnsmos,nisqa_test_livetalk,mos_extremity
0.5,116,0.7845445798254158,0.7461141228507351,dnsmos,nisqa_test_livetalk,mos_extremity
1.0,240,1.084359321076995,1.084359321076995,dnsmos,nisqa_test_p501,mahalanobis
0.9,216,1.113662143529698,1.0841247148018918,dnsmos,nisqa_test_p501,mahalanobis
0.8,192,1.1253954305551743,1.0867600057390305,dnsmos,nisqa_test_p501,mahalanobis
0.7,168,1.1356230192311894,1.0849573600380424,dnsmos,nisqa_test_p501,mahalanobis
0.6,144,1.110869487826247,1.0855629907449187,dnsmos,nisqa_test_p501,mahalanobis
0.5,120,1.1057583290466468,1.08383817720003,dnsmos,nisqa_test_p501,mahalanobis
1.0,240,1.084359321076995,1.084359321076995,dnsmos,nisqa_test_p501,l2
0.9,216,1.116137018218139,1.0834825971152477,dnsmos,nisqa_test_p501,l2
0.8,192,1.1449329525355687,1.0850296330723488,dnsmos,nisqa_test_p501,l2
0.7,168,1.163310164003465,1.087088015981558,dnsmos,nisqa_test_p501,l2
0.6,144,1.1961810807361781,1.084260332971186,dnsmos,nisqa_test_p501,l2
0.5,120,1.2287315752384906,1.0828858326359694,dnsmos,nisqa_test_p501,l2
1.0,240,1.084359321076995,1.084359321076995,dnsmos,nisqa_test_p501,knn
0.9,216,1.1028400763013497,1.0843915242724678,dnsmos,nisqa_test_p501,knn
0.8,192,1.1120526277721667,1.0822200344366977,dnsmos,nisqa_test_p501,knn
0.7,168,1.1191643274644767,1.0843821404533953,dnsmos,nisqa_test_p501,knn
0.6,144,1.1044618264040345,1.0842401625533795,dnsmos,nisqa_test_p501,knn
0.5,120,1.1200010609886144,1.0862084468523652,dnsmos,nisqa_test_p501,knn
1.0,240,1.084359321076995,1.084359321076995,dnsmos,nisqa_test_p501,mos_extremity
0.9,216,1.1084852252552637,1.0854019632436493,dnsmos,nisqa_test_p501,mos_extremity
0.8,192,1.1144544522325674,1.0838446066276408,dnsmos,nisqa_test_p501,mos_extremity
0.7,168,1.1367836169246401,1.0832086467085107,dnsmos,nisqa_test_p501,mos_extremity
0.6,144,1.156123086103151,1.0835306109625598,dnsmos,nisqa_test_p501,mos_extremity
0.5,120,1.1786823488268674,1.0832897288159713,dnsmos,nisqa_test_p501,mos_extremity
1.0,200,0.5726085640517637,0.5726085640517639,dnsmos,nisqa_val_live,mahalanobis
0.9,180,0.5874575611933074,0.5724649302320711,dnsmos,nisqa_val_live,mahalanobis
0.8,160,0.6034936428483221,0.5732595408072184,dnsmos,nisqa_val_live,mahalanobis
0.7,140,0.6057985284292282,0.5706516876821268,dnsmos,nisqa_val_live,mahalanobis
0.6,120,0.6042316902921536,0.5723925400385759,dnsmos,nisqa_val_live,mahalanobis
0.5,100,0.610852728799877,0.573094305079892,dnsmos,nisqa_val_live,mahalanobis
1.0,200,0.5726085640517637,0.5726085640517639,dnsmos,nisqa_val_live,l2
0.9,180,0.5854665917627114,0.5720045527172192,dnsmos,nisqa_val_live,l2
0.8,160,0.5906273089335047,0.5720235523451168,dnsmos,nisqa_val_live,l2
0.7,140,0.591722561370933,0.572345128723553,dnsmos,nisqa_val_live,l2
0.6,120,0.6108969889477677,0.5740719956625631,dnsmos,nisqa_val_live,l2
0.5,100,0.6325043019261448,0.5721836215856614,dnsmos,nisqa_val_live,l2
1.0,200,0.5726085640517637,0.5726085640517639,dnsmos,nisqa_val_live,knn
0.9,180,0.5939105818243544,0.5735350135913722,dnsmos,nisqa_val_live,knn
0.8,160,0.6007500303054921,0.5732487306078594,dnsmos,nisqa_val_live,knn
0.7,140,0.605992017121237,0.5725866309734056,dnsmos,nisqa_val_live,knn
0.6,120,0.6113899622019265,0.5722850018968567,dnsmos,nisqa_val_live,knn
0.5,100,0.6131676609568536,0.5713884877921752,dnsmos,nisqa_val_live,knn
1.0,200,0.5726085640517637,0.5726085640517639,dnsmos,nisqa_val_live,mos_extremity
0.9,180,0.5873342251065268,0.5725598101367599,dnsmos,nisqa_val_live,mos_extremity
0.8,160,0.5895795341751875,0.572808433227986,dnsmos,nisqa_val_live,mos_extremity
0.7,140,0.5928126142007245,0.5731447016521005,dnsmos,nisqa_val_live,mos_extremity
0.6,120,0.5847253796174336,0.5728712840690318,dnsmos,nisqa_val_live,mos_extremity
0.5,100,0.5869937343898831,0.5731989268634705,dnsmos,nisqa_val_live,mos_extremity
1.0,240,0.6039910494581653,0.6039910494581653,utmos,nisqa_test_for,mahalanobis
0.9,216,0.5965796846335525,0.6037720382164986,utmos,nisqa_test_for,mahalanobis
0.8,192,0.5905427720053105,0.604657187889065,utmos,nisqa_test_for,mahalanobis
0.7,168,0.5966869373977353,0.6046031511058967,utmos,nisqa_test_for,mahalanobis
0.6,144,0.5977912305879014,0.6048769064202258,utmos,nisqa_test_for,mahalanobis
0.5,120,0.5753177459679761,0.6018761338455776,utmos,nisqa_test_for,mahalanobis
1.0,240,0.6039910494581653,0.6039910494581653,utmos,nisqa_test_for,l2
0.9,216,0.5954559649694389,0.6047955829784462,utmos,nisqa_test_for,l2
0.8,192,0.5953487757200208,0.6043616342316611,utmos,nisqa_test_for,l2
0.7,168,0.6076808518533825,0.6035631779900058,utmos,nisqa_test_for,l2
0.6,144,0.6352737249112633,0.6047952786980075,utmos,nisqa_test_for,l2
0.5,120,0.6454798047087948,0.6030755660869411,utmos,nisqa_test_for,l2
1.0,240,0.6039910494581653,0.6039910494581653,utmos,nisqa_test_for,knn
0.9,216,0.5888220956977197,0.603481339119551,utmos,nisqa_test_for,knn
0.8,192,0.5807979070394801,0.6031018837561432,utmos,nisqa_test_for,knn
0.7,168,0.5813959893859407,0.6040812198756383,utmos,nisqa_test_for,knn
0.6,144,0.5505058636701354,0.6004410417696642,utmos,nisqa_test_for,knn
0.5,120,0.570715168452714,0.6048633770021812,utmos,nisqa_test_for,knn
1.0,240,0.6039910494581653,0.6039910494581653,utmos,nisqa_test_for,mos_extremity
0.9,216,0.5954559649694389,0.6043284152491676,utmos,nisqa_test_for,mos_extremity
0.8,192,0.5991000337835647,0.6048590664925956,utmos,nisqa_test_for,mos_extremity
0.7,168,0.6076808518533825,0.6063598986556238,utmos,nisqa_test_for,mos_extremity
0.6,144,0.6352737249112633,0.606660185165662,utmos,nisqa_test_for,mos_extremity
0.5,120,0.6516097477561864,0.6034542171824647,utmos,nisqa_test_for,mos_extremity
1.0,232,1.0224339380142842,1.0224339380142842,utmos,nisqa_test_livetalk,mahalanobis
0.9,209,1.0438593796683489,1.0221639460437044,utmos,nisqa_test_livetalk,mahalanobis
0.8,186,1.067497069778326,1.0237304863856949,utmos,nisqa_test_livetalk,mahalanobis
0.7,162,1.0531761661984107,1.0230867507954966,utmos,nisqa_test_livetalk,mahalanobis
0.6,139,1.0226156729691598,1.021676385309206,utmos,nisqa_test_livetalk,mahalanobis
0.5,116,1.0213813465105896,1.021923153840016,utmos,nisqa_test_livetalk,mahalanobis
1.0,232,1.0224339380142842,1.0224339380142842,utmos,nisqa_test_livetalk,l2
0.9,209,1.0467995278375597,1.0216857985382486,utmos,nisqa_test_livetalk,l2
0.8,186,1.0705698069542808,1.0234058015422667,utmos,nisqa_test_livetalk,l2
0.7,162,1.0992419513912834,1.0212954943751313,utmos,nisqa_test_livetalk,l2
0.6,139,1.103398793752503,1.023412441149549,utmos,nisqa_test_livetalk,l2
0.5,116,1.1249397149002756,1.0168884952394621,utmos,nisqa_test_livetalk,l2
1.0,232,1.0224339380142842,1.0224339380142842,utmos,nisqa_test_livetalk,knn
0.9,209,1.0427238420843385,1.0249187949231853,utmos,nisqa_test_livetalk,knn
0.8,186,1.0378445846507152,1.022411525747775,utmos,nisqa_test_livetalk,knn
0.7,162,1.0264614630323379,1.024601882338001,utmos,nisqa_test_livetalk,knn
0.6,139,1.034434281740637,1.02607763862524,utmos,nisqa_test_livetalk,knn
0.5,116,1.031241940036524,1.0231309323531625,utmos,nisqa_test_livetalk,knn
1.0,232,1.0224339380142842,1.0224339380142842,utmos,nisqa_test_livetalk,mos_extremity
0.9,209,1.0449969858767547,1.0222753594908491,utmos,nisqa_test_livetalk,mos_extremity
0.8,186,1.0705698069542808,1.0220590349721965,utmos,nisqa_test_livetalk,mos_extremity
0.7,162,1.1051193719505712,1.0227461371107673,utmos,nisqa_test_livetalk,mos_extremity
0.6,139,1.103398793752503,1.0217689852889138,utmos,nisqa_test_livetalk,mos_extremity
0.5,116,1.1249397149002756,1.0216066847322818,utmos,nisqa_test_livetalk,mos_extremity
1.0,240,0.6357629618710225,0.6357629618710225,utmos,nisqa_test_p501,mahalanobis
0.9,216,0.6446640417181396,0.634895465616528,utmos,nisqa_test_p501,mahalanobis
0.8,192,0.6409962009464754,0.6357346594049139,utmos,nisqa_test_p501,mahalanobis
0.7,168,0.6338689323918645,0.6369547655549278,utmos,nisqa_test_p501,mahalanobis
0.6,144,0.6261378669808053,0.6385045756959375,utmos,nisqa_test_p501,mahalanobis
0.5,120,0.6565895769149301,0.6336531583537298,utmos,nisqa_test_p501,mahalanobis
1.0,240,0.6357629618710225,0.6357629618710225,utmos,nisqa_test_p501,l2
0.9,216,0.6480643626836736,0.6356100747377832,utmos,nisqa_test_p501,l2
0.8,192,0.6702638481108433,0.6353029811169627,utmos,nisqa_test_p501,l2
0.7,168,0.6953235454490977,0.6349892016310709,utmos,nisqa_test_p501,l2
0.6,144,0.7152149948945206,0.6358447240466453,utmos,nisqa_test_p501,l2
0.5,120,0.7229424690608101,0.6352155182462351,utmos,nisqa_test_p501,l2
1.0,240,0.6357629618710225,0.6357629618710225,utmos,nisqa_test_p501,knn
0.9,216,0.6462217353575623,0.6369253996181925,utmos,nisqa_test_p501,knn
0.8,192,0.6333007336269512,0.637079241910997,utmos,nisqa_test_p501,knn
0.7,168,0.619685345610936,0.6368149392367807,utmos,nisqa_test_p501,knn
0.6,144,0.6086919043204555,0.6364572849166871,utmos,nisqa_test_p501,knn
0.5,120,0.6092718195915403,0.6343815994044759,utmos,nisqa_test_p501,knn
1.0,240,0.6357629618710225,0.6357629618710225,utmos,nisqa_test_p501,mos_extremity
0.9,216,0.6531005969243425,0.636346910243608,utmos,nisqa_test_p501,mos_extremity
0.8,192,0.6691352917418034,0.6340138045203152,utmos,nisqa_test_p501,mos_extremity
0.7,168,0.6949661981531178,0.6357147000367142,utmos,nisqa_test_p501,mos_extremity
0.6,144,0.7298855863897712,0.636099740061507,utmos,nisqa_test_p501,mos_extremity
0.5,120,0.7567912660002313,0.6349272838660213,utmos,nisqa_test_p501,mos_extremity
1.0,200,0.8515482255677249,0.851548225567725,utmos,nisqa_val_live,mahalanobis
0.9,180,0.8795385031300458,0.8521360158039752,utmos,nisqa_val_live,mahalanobis
0.8,160,0.8883234515629554,0.8515102106363108,utmos,nisqa_val_live,mahalanobis
0.7,140,0.8733203232821559,0.851515837997238,utmos,nisqa_val_live,mahalanobis
0.6,120,0.8916856838720159,0.8505405910975731,utmos,nisqa_val_live,mahalanobis
0.5,100,0.8716228260568611,0.851415604482248,utmos,nisqa_val_live,mahalanobis
1.0,200,0.8515482255677249,0.851548225567725,utmos,nisqa_val_live,l2
0.9,180,0.8883318452626843,0.8518020555645509,utmos,nisqa_val_live,l2
0.8,160,0.9295073460111104,0.8527491590666041,utmos,nisqa_val_live,l2
0.7,140,0.9593044344069891,0.8535519614931673,utmos,nisqa_val_live,l2
0.6,120,0.9762222453449217,0.8550115898195573,utmos,nisqa_val_live,l2
0.5,100,0.9582142197352757,0.8532791503641062,utmos,nisqa_val_live,l2
1.0,200,0.8515482255677249,0.851548225567725,utmos,nisqa_val_live,knn
0.9,180,0.868826479316644,0.8521321374761643,utmos,nisqa_val_live,knn
0.8,160,0.8779181501117809,0.8503401782397184,utmos,nisqa_val_live,knn
0.7,140,0.8395959255427851,0.8501463793586467,utmos,nisqa_val_live,knn
0.6,120,0.8248989020873128,0.8550797085044854,utmos,nisqa_val_live,knn
0.5,100,0.8174735938638045,0.8482690240981503,utmos,nisqa_val_live,knn
1.0,200,0.8515482255677249,0.851548225567725,utmos,nisqa_val_live,mos_extremity
0.9,180,0.8837158823411555,0.8518564542997831,utmos,nisqa_val_live,mos_extremity
0.8,160,0.9294610834362851,0.849260264222686,utmos,nisqa_val_live,mos_extremity
0.7,140,0.9637599529136471,0.8505974075692992,utmos,nisqa_val_live,mos_extremity
0.6,120,0.9834004671792888,0.8531465885453935,utmos,nisqa_val_live,mos_extremity
0.5,100,0.959264433307513,0.8468032792123816,utmos,nisqa_val_live,mos_extremity
