filepath,sample_id,system_id,mos,dataset,ref_dnsmos_ovrl,ref_nisqa_mos,ref_utmos
C:\Users\rffela\OneDrive - GN Store Nord\Documents\Jabra\2026\Development\2027 ICASSP\data\URGENT2025_SQA_pilot\audio\urgent25_blind_test_fileid_000001.flac,urgent25_blind_test_fileid_000001,urgent25_blind_test_submission_716,1.5,urgent2025_sqa_pilot,1.0315639972686768,1.3766323328018188,1.2716736793518066
C:\Users\rffela\OneDrive - GN Store Nord\Documents\Jabra\2026\Development\2027 ICASSP\data\URGENT2025_SQA_pilot\audio\urgent25_blind_test_fileid_000002.flac,urgent25_blind_test_fileid_000002,urgent25_blind_test_submission_716,2.125,urgent2025_sqa_pilot,2.117513656616211,1.0207411050796509,1.9241293668746948
C:\Users\rffela\OneDrive - GN Store Nord\Documents\Jabra\2026\Development\2027 ICASSP\data\URGENT2025_SQA_pilot\audio\urgent25_blind_test_fileid_000003.flac,urgent25_blind_test_fileid_000003,urgent25_blind_test_submission_716,3.75,urgent2025_sqa_pilot,2.4044387340545654,3.6624205112457275,3.309983491897583
C:\Users\rffela\OneDrive - GN Store Nord\Documents\Jabra\2026\Development\2027 ICASSP\data\URGENT2025_SQA_pilot\audio\urgent25_blind_test_fileid_000004.flac,urgent25_blind_test_fileid_000004,urgent25_blind_test_submission_716,1.625,urgent2025_sqa_pilot,1.6340603828430176,1.0627015829086304,1.3059967756271362
C:\Users\rffela\OneDrive - GN Store Nord\Documents\Jabra\2026\Development\2027 ICASSP\data\URGENT2025_SQA_pilot\audio\urgent25_blind_test_fileid_000005.flac,urgent25_blind_test_fileid_000005,urgent25_blind_test_submission_716,3.625,urgent2025_sqa_pilot,2.7955691814422607,3.586808204650879,4.00313138961792
C:\Users\rffela\OneDrive - GN Store Nord\Documents\Jabra\2026\Development\2027 ICASSP\data\URGENT2025_SQA_pilot\audio\urgent25_blind_test_fileid_000006.flac,urgent25_blind_test_fileid_000006,urgent25_blind_test_submission_716,2.625,urgent2025_sqa_pilot,1.8531736135482788,1.2004244327545166,1.2697219848632812
C:\Users\rffela\OneDrive - GN Store Nord\Documents\Jabra\2026\Development\2027 ICASSP\data\URGENT2025_SQA_pilot\audio\urgent25_blind_test_fileid_000007.flac,urgent25_blind_test_fileid_000007,urgent25_blind_test_submission_716,1.125,urgent2025_sqa_pilot,1.0755014419555664,0.9601148962974548,1.3720643520355225
C:\Users\rffela\OneDrive - GN Store Nord\Documents\Jabra\2026\Development\2027 ICASSP\data\URGENT2025_SQA_pilot\audio\urgent25_blind_test_fileid_000008.flac,urgent25_blind_test_fileid_000008,urgent25_blind_test_submission_716,2.25,urgent2025_sqa_pilot,1.9345557689666748,1.2038439512252808,1.2882890701293945
C:\Users\rffela\OneDrive - GN Store Nord\Documents\Jabra\2026\Development\2027 ICASSP\data\URGENT2025_SQA_pilot\audio\urgent25_blind_test_fileid_000009.flac,urgent25_blind_test_fileid_000009,urgent25_blind_test_submission_716,2.375,urgent2025_sqa_pilot,1.8161561489105225,3.0844924449920654,1.2539548873901367
C:\Users\rffela\OneDrive - GN Store Nord\Documents\Jabra\2026\Development\2027 ICASSP\data\URGENT2025_SQA_pilot\audio\urgent25_blind_test_fileid_000010.flac,urgent25_blind_test_fileid_000010,urgent25_blind_test_submission_716,1.5,urgent2025_sqa_pilot,1.6706452369689941,2.204390048980713,1.2753193378448486
C:\Users\rffela\OneDrive - GN Store Nord\Documents\Jabra\2026\Development\2027 ICASSP\data\URGENT2025_SQA_pilot\audio\urgent25_blind_test_fileid_000011.flac,urgent25_blind_test_fileid_000011,urgent25_blind_test_submission_716,1.875,urgent2025_sqa_pilot,1.676396369934082,0.8279587626457214,1.2783806324005127
C:\Users\rffela\OneDrive - GN Store Nord\Documents\Jabra\2026\Development\2027 ICASSP\data\URGENT2025_SQA_pilot\audio\urgent25_blind_test_fileid_000012.flac,urgent25_blind_test_fileid_000012,urgent25_blind_test_submission_716,2.875,urgent2025_sqa_pilot,2.6325836181640625,2.6312296390533447,1.966264247894287
C:\Users\rffela\OneDrive - GN Store Nord\Documents\Jabra\2026\Development\2027 ICASSP\data\URGENT2025_SQA_pilot\audio\urgent25_blind_test_fileid_000013.flac,urgent25_blind_test_fileid_000013,urgent25_blind_test_submission_716,1.0,urgent2025_sqa_pilot,1.1160115003585815,0.9237180948257446,1.3999650478363037
C:\Users\rffela\OneDrive - GN Store Nord\Documents\Jabra\2026\Development\2027 ICASSP\data\URGENT2025_SQA_pilot\audio\urgent25_blind_test_fileid_000014.flac,urgent25_blind_test_fileid_000014,urgent25_blind_test_submission_716,1.0,urgent2025_sqa_pilot,1.2297861576080322,0.8487574458122253,1.3124334812164307
C:\Users\rffela\OneDrive - GN Store Nord\Documents\Jabra\2026\Development\2027 ICASSP\data\URGENT2025_SQA_pilot\audio\urgent25_blind_test_fileid_000015.flac,urgent25_blind_test_fileid_000015,urgent25_blind_test_submission_716,2.0,urgent2025_sqa_pilot,1.2802003622055054,1.0300601720809937,1.2259963750839233
C:\Users\rffela\OneDrive - GN Store Nord\Documents\Jabra\2026\Development\2027 ICASSP\data\URGENT2025_SQA_pilot\audio\urgent25_blind_test_fileid_000016.flac,urgent25_blind_test_fileid_000016,urgent25_blind_test_submission_716,1.25,urgent2025_sqa_pilot,1.6865766048431396,0.9356255531311035,1.2446070909500122
C:\Users\rffela\OneDrive - GN Store Nord\Documents\Jabra\2026\Development\2027 ICASSP\data\URGENT2025_SQA_pilot\audio\urgent25_blind_test_fileid_000017.flac,urgent25_blind_test_fileid_000017,urgent25_blind_test_submission_716,1.5,urgent2025_sqa_pilot,1.6300287246704102,1.1485272645950317,1.2463475465774536
C:\Users\rffela\OneDrive - GN Store Nord\Documents\Jabra\2026\Development\2027 ICASSP\data\URGENT2025_SQA_pilot\audio\urgent25_blind_test_fileid_000018.flac,urgent25_blind_test_fileid_000018,urgent25_blind_test_submission_716,1.375,urgent2025_sqa_pilot,1.2715153694152832,1.0063824653625488,1.3042223453521729
C:\Users\rffela\OneDrive - GN Store Nord\Documents\Jabra\2026\Development\2027 ICASSP\data\URGENT2025_SQA_pilot\audio\urgent25_blind_test_fileid_000019.flac,urgent25_blind_test_fileid_000019,urgent25_blind_test_submission_716,1.125,urgent2025_sqa_pilot,1.1022871732711792,0.9877672791481018,1.4091813564300537
C:\Users\rffela\OneDrive - GN Store Nord\Documents\Jabra\2026\Development\2027 ICASSP\data\URGENT2025_SQA_pilot\audio\urgent25_blind_test_fileid_000020.flac,urgent25_blind_test_fileid_000020,urgent25_blind_test_submission_716,1.25,urgent2025_sqa_pilot,1.9832727909088135,1.1902798414230347,1.3420606851577759
C:\Users\rffela\OneDrive - GN Store Nord\Documents\Jabra\2026\Development\2027 ICASSP\data\URGENT2025_SQA_pilot\audio\urgent25_blind_test_fileid_000021.flac,urgent25_blind_test_fileid_000021,urgent25_blind_test_submission_716,1.625,urgent2025_sqa_pilot,1.85791015625,1.1098382472991943,1.2522385120391846
C:\Users\rffela\OneDrive - GN Store Nord\Documents\Jabra\2026\Development\2027 ICASSP\data\URGENT2025_SQA_pilot\audio\urgent25_blind_test_fileid_000022.flac,urgent25_blind_test_fileid_000022,urgent25_blind_test_submission_716,1.625,urgent2025_sqa_pilot,2.4688055515289307,1.8625611066818237,1.3030818700790405
C:\Users\rffela\OneDrive - GN Store Nord\Documents\Jabra\2026\Development\2027 ICASSP\data\URGENT2025_SQA_pilot\audio\urgent25_blind_test_fileid_000023.flac,urgent25_blind_test_fileid_000023,urgent25_blind_test_submission_716,1.25,urgent2025_sqa_pilot,1.6233104467391968,1.310930609703064,1.3018710613250732
C:\Users\rffela\OneDrive - GN Store Nord\Documents\Jabra\2026\Development\2027 ICASSP\data\URGENT2025_SQA_pilot\audio\urgent25_blind_test_fileid_000024.flac,urgent25_blind_test_fileid_000024,urgent25_blind_test_submission_716,1.125,urgent2025_sqa_pilot,1.8101565837860107,0.9054649472236633,1.2591513395309448
